{
"type": "FeatureCollection",
"name": "04_map_data",
"crs": { "type": "name", "properties": { "name": "urn:ogc:def:crs:OGC:1.3:CRS84" } },
"features": [
{ "type": "Feature", "properties": { "title": "Davy Jones (youtuber)", "url": "https://pt.wikipedia.org/wiki/Davy_Jones_(youtuber)", "location": "Rio de Janeiro, Região Sudeste, Brasil" }, "geometry": { "type": "Point", "coordinates": [ -43.2093727, -22.9110137 ] } },
{ "type": "Feature", "properties": { "title": "Rezende (youtuber)", "url": "https://pt.wikipedia.org/wiki/Rezende_(youtuber)", "location": "Londrina, Paraná, Região Sul, Brasil" }, "geometry": { "type": "Point", "coordinates": [ -51.1595023, -23.3112878 ] } },
{ "type": "Feature", "properties": { "title": "BRKsEDU", "url": "https://pt.wikipedia.org/wiki/BRKsEDU", "location": "São Paulo, Região Sudeste, Brasil" }, "geometry": { "type": "Point", "coordinates": [ -46.6333824, -23.5506507 ] } },
{ "type": "Feature", "properties": { "title": "Baptista Miranda", "url": "https://pt.wikipedia.org/wiki/Baptista_Miranda", "location": "Lobito, Benguela, Angola" }, "geometry": { "type": "Point", "coordinates": [ 13.5464318, -12.3506867 ] } },
{ "type": "Feature", "properties": { "title": "Jonathan Nemer", "url": "https://pt.wikipedia.org/wiki/Jonathan_Nemer", "location": "São Paulo, Região Sudeste, Brasil" }, "geometry": { "type": "Point", "coordinates": [ -46.6333824, -23.5506507 ] } },
{ "type": "Feature", "properties": { "title": "Bruno Formiga", "url": "https://pt.wikipedia.org/wiki/Bruno_Formiga", "location": "Fortaleza, Ceará, Região Nordeste, Brasil" }, "geometry": { "type": "Point", "coordinates": [ -38.5217989, -3.7304512 ] } },
{ "type": "Feature", "properties": { "title": "Enaldinho", "url": "https://pt.wikipedia.org/wiki/Enaldinho", "location": "Belo Horizonte, Minas Gerais, Região Sudeste, Brasil" }, "geometry": { "type": "Point", "coordinates": [ -43.9450948, -19.9227318 ] } },
{ "type": "Feature", "properties": { "title": "Marco Túlio (youtuber)", "url": "https://pt.wikipedia.org/wiki/Marco_Túlio_(youtuber)", "location": "Belo Horizonte, Minas Gerais, Região Sudeste, Brasil" }, "geometry": { "type": "Point", "coordinates": [ -43.9450948, -19.9227318 ] } },
{ "type": "Feature", "properties": { "title": "Luba (youtuber)", "url": "https://pt.wikipedia.org/wiki/Luba_(youtuber)", "location": "Tubarão, Santa Catarina, Região Sul, Brasil" }, "geometry": { "type": "Point", "coordinates": [ -49.014132, -28.471488 ] } },
{ "type": "Feature", "properties": { "title": "Venê Casagrande", "url": "https://pt.wikipedia.org/wiki/Venê_Casagrande", "location": "Rio de Janeiro, Região Sudeste, Brasil" }, "geometry": { "type": "Point", "coordinates": [ -43.2093727, -22.9110137 ] } },
{ "type": "Feature", "properties": { "title": "Maya Massafera", "url": "https://pt.wikipedia.org/wiki/Maya_Massafera", "location": "Pouso Alegre, Minas Gerais, Região Sudeste, Brasil" }, "geometry": { "type": "Point", "coordinates": [ -45.9327241, -22.2343858 ] } },
{ "type": "Feature", "properties": { "title": "Victor Lamoglia", "url": "https://pt.wikipedia.org/wiki/Victor_Lamoglia", "location": "Rio de Janeiro, Região Sudeste, Brasil" }, "geometry": { "type": "Point", "coordinates": [ -43.2093727, -22.9110137 ] } },
{ "type": "Feature", "properties": { "title": "Orochinho", "url": "https://pt.wikipedia.org/wiki/Orochinho", "location": "Maringá, Paraná, Região Sul, Brasil" }, "geometry": { "type": "Point", "coordinates": [ -51.9382078, -23.425269 ] } },
{ "type": "Feature", "properties": { "title": "Rato Borrachudo", "url": "https://pt.wikipedia.org/wiki/Rato_Borrachudo", "location": "Rio de Janeiro, Região Sudeste, Brasil" }, "geometry": { "type": "Point", "coordinates": [ -43.2093727, -22.9110137 ] } },
{ "type": "Feature", "properties": { "title": "Wendel Bezerra", "url": "https://pt.wikipedia.org/wiki/Wendel_Bezerra", "location": "São Paulo, Região Sudeste, Brasil" }, "geometry": { "type": "Point", "coordinates": [ -46.6333824, -23.5506507 ] } },
{ "type": "Feature", "properties": { "title": "Bispo Bruno Leonardo", "url": "https://pt.wikipedia.org/wiki/Bispo_Bruno_Leonardo", "location": "Salvador, Bahia, Região Nordeste, Brasil" }, "geometry": { "type": "Point", "coordinates": [ -38.4812772, -12.9822499 ] } },
{ "type": "Feature", "properties": { "title": "Sérgio Sacani", "url": "https://pt.wikipedia.org/wiki/Sérgio_Sacani", "location": "Londrina, Paraná, Região Sul, Brasil" }, "geometry": { "type": "Point", "coordinates": [ -51.1595023, -23.3112878 ] } },
{ "type": "Feature", "properties": { "title": "Gabriel Monteiro (político)", "url": "https://pt.wikipedia.org/wiki/Gabriel_Monteiro_(político)", "location": "Rio de Janeiro, Região Sudeste, Brasil" }, "geometry": { "type": "Point", "coordinates": [ -43.2093727, -22.9110137 ] } },
{ "type": "Feature", "properties": { "title": "Júlio Cocielo", "url": "https://pt.wikipedia.org/wiki/Júlio_Cocielo", "location": "Osasco, São Paulo, Região Sudeste, Brasil" }, "geometry": { "type": "Point", "coordinates": [ -46.7916801, -23.5324859 ] } },
{ "type": "Feature", "properties": { "title": "Ygona Moura", "url": "https://pt.wikipedia.org/wiki/Ygona_Moura", "location": "São Paulo, Região Sudeste, Brasil" }, "geometry": { "type": "Point", "coordinates": [ -46.6333824, -23.5506507 ] } },
{ "type": "Feature", "properties": { "title": "Raffael Chess", "url": "https://pt.wikipedia.org/wiki/Raffael_Chess", "location": "Cachoeirinha, Região Geográfica Intermediária de Porto Alegre, Rio Grande do Sul, Região Sul, Brasil" }, "geometry": { "type": "Point", "coordinates": [ -51.0898927, -29.9493353 ] } },
{ "type": "Feature", "properties": { "title": "Fábio Lima", "url": "https://pt.wikipedia.org/wiki/Fábio_Lima", "location": "Curitiba, Paraná, Região Sul, Brasil" }, "geometry": { "type": "Point", "coordinates": [ -49.2712724, -25.4295963 ] } },
{ "type": "Feature", "properties": { "title": "Jailson Mendes", "url": "https://pt.wikipedia.org/wiki/Jailson_Mendes", "location": "Iati, Pernambuco, Região Nordeste, 55345-000, Brasil" }, "geometry": { "type": "Point", "coordinates": [ -36.8466803, -9.0426669 ] } },
{ "type": "Feature", "properties": { "title": "Eduardo Bueno", "url": "https://pt.wikipedia.org/wiki/Eduardo_Bueno", "location": "Porto Alegre, Rio Grande do Sul, Região Sul, Brasil" }, "geometry": { "type": "Point", "coordinates": [ -51.2303767, -30.0324999 ] } },
{ "type": "Feature", "properties": { "title": "Ana Clara (apresentadora)", "url": "https://pt.wikipedia.org/wiki/Ana_Clara_(apresentadora)", "location": "Rio de Janeiro, Região Sudeste, Brasil" }, "geometry": { "type": "Point", "coordinates": [ -43.2093727, -22.9110137 ] } },
{ "type": "Feature", "properties": { "title": "Karen Bachini", "url": "https://pt.wikipedia.org/wiki/Karen_Bachini", "location": "Nova Friburgo, Região Geográfica Intermediária de Petrópolis, Rio de Janeiro, Região Sudeste, Brasil" }, "geometry": { "type": "Point", "coordinates": [ -42.4934183, -22.3061661 ] } },
{ "type": "Feature", "properties": { "title": "Mandy Candy", "url": "https://pt.wikipedia.org/wiki/Mandy_Candy", "location": "Gravataí, Região Geográfica Intermediária de Porto Alegre, Rio Grande do Sul, Região Sul, Brasil" }, "geometry": { "type": "Point", "coordinates": [ -50.9930938, -29.9440222 ] } },
{ "type": "Feature", "properties": { "title": "Thiessita", "url": "https://pt.wikipedia.org/wiki/Thiessita", "location": "Catalão, Região Geográfica Imediata de Catalão, Região Geográfica Intermediária de Goiânia, Goiás, Região Centro-Oeste, Brasil" }, "geometry": { "type": "Point", "coordinates": [ -47.9447082, -18.1702546 ] } },
{ "type": "Feature", "properties": { "title": "VenomExtreme", "url": "https://pt.wikipedia.org/wiki/VenomExtreme", "location": "Teresópolis, Região Geográfica Intermediária de Petrópolis, Rio de Janeiro, Região Sudeste, Brasil" }, "geometry": { "type": "Point", "coordinates": [ -42.8646411, -22.2978038 ] } },
{ "type": "Feature", "properties": { "title": "Ed Gama", "url": "https://pt.wikipedia.org/wiki/Ed_Gama", "location": "Maceió, Alagoas, Região Nordeste, Brasil" }, "geometry": { "type": "Point", "coordinates": [ -35.7339264, -9.6476843 ] } },
{ "type": "Feature", "properties": { "title": "Bárbara Costa", "url": "https://pt.wikipedia.org/wiki/Bárbara_Costa", "location": "Mogi das Cruzes, São Paulo, Região Sudeste, Brasil" }, "geometry": { "type": "Point", "coordinates": [ -46.1926671, -23.5234284 ] } },
{ "type": "Feature", "properties": { "title": "André Young", "url": "https://pt.wikipedia.org/wiki/André_Young", "location": "Santos, São Paulo, Região Sudeste, Brasil" }, "geometry": { "type": "Point", "coordinates": [ -46.3166316, -23.9609448 ] } },
{ "type": "Feature", "properties": { "title": "Rogério Vilela", "url": "https://pt.wikipedia.org/wiki/Rogério_Vilela", "location": "Penápolis, Região Imediata de Birigui-Penápolis, Região Geográfica Intermediária de Araçatuba, São Paulo, Brasil" }, "geometry": { "type": "Point", "coordinates": [ -50.0765588, -21.4192406 ] } },
{ "type": "Feature", "properties": { "title": "Paulinho o Loko", "url": "https://pt.wikipedia.org/wiki/Paulinho_o_Loko", "location": "Machado, Minas Gerais, Região Sudeste, 37750-000, Brasil" }, "geometry": { "type": "Point", "coordinates": [ -45.9211696, -21.6762861 ] } },
{ "type": "Feature", "properties": { "title": "Viniccius13", "url": "https://pt.wikipedia.org/wiki/Viniccius13", "location": "São João do Paraíso, Minas Gerais, Região Sudeste, Brasil" }, "geometry": { "type": "Point", "coordinates": [ -42.0433914, -15.354 ] } },
{ "type": "Feature", "properties": { "title": "Alê Oliveira", "url": "https://pt.wikipedia.org/wiki/Alê_Oliveira", "location": "São Paulo, Região Sudeste, Brasil" }, "geometry": { "type": "Point", "coordinates": [ -46.6333824, -23.5506507 ] } },
{ "type": "Feature", "properties": { "title": "Diogo Defante", "url": "https://pt.wikipedia.org/wiki/Diogo_Defante", "location": "Rio de Janeiro, Região Sudeste, Brasil" }, "geometry": { "type": "Point", "coordinates": [ -43.2093727, -22.9110137 ] } },
{ "type": "Feature", "properties": { "title": "Luccas Neto", "url": "https://pt.wikipedia.org/wiki/Luccas_Neto", "location": "Rio de Janeiro, Região Sudeste, Brasil" }, "geometry": { "type": "Point", "coordinates": [ -43.2093727, -22.9110137 ] } },
{ "type": "Feature", "properties": { "title": "Aline Szewkies", "url": "https://pt.wikipedia.org/wiki/Aline_Szewkies", "location": "Porto Alegre, Rio Grande do Sul, Região Sul, Brasil" }, "geometry": { "type": "Point", "coordinates": [ -51.2303767, -30.0324999 ] } },
{ "type": "Feature", "properties": { "title": "Klenion Livio", "url": "https://pt.wikipedia.org/wiki/Klenion_Livio", "location": "Rio de Janeiro, Região Sudeste, Brasil" }, "geometry": { "type": "Point", "coordinates": [ -43.2093727, -22.9110137 ] } },
{ "type": "Feature", "properties": { "title": "Camila Loures", "url": "https://pt.wikipedia.org/wiki/Camila_Loures", "location": "Belo Horizonte, Minas Gerais, Região Sudeste, Brasil" }, "geometry": { "type": "Point", "coordinates": [ -43.9450948, -19.9227318 ] } },
{ "type": "Feature", "properties": { "title": "Maju Trindade", "url": "https://pt.wikipedia.org/wiki/Maju_Trindade", "location": "Catanduva, São Paulo, Região Sudeste, Brasil" }, "geometry": { "type": "Point", "coordinates": [ -48.9712817, -21.1331035 ] } },
{ "type": "Feature", "properties": { "title": "Gabriella Saraivah", "url": "https://pt.wikipedia.org/wiki/Gabriella_Saraivah", "location": "São Paulo, Região Sudeste, Brasil" }, "geometry": { "type": "Point", "coordinates": [ -46.6333824, -23.5506507 ] } },
{ "type": "Feature", "properties": { "title": "Lord Vinheteiro", "url": "https://pt.wikipedia.org/wiki/Lord_Vinheteiro", "location": "São Paulo, Região Sudeste, Brasil" }, "geometry": { "type": "Point", "coordinates": [ -46.6333824, -23.5506507 ] } },
{ "type": "Feature", "properties": { "title": "Júnior Groovador", "url": "https://pt.wikipedia.org/wiki/Júnior_Groovador", "location": "Natal, Rio Grande do Norte, Região Nordeste, Brasil" }, "geometry": { "type": "Point", "coordinates": [ -35.2080905, -5.805398 ] } },
{ "type": "Feature", "properties": { "title": "Pedro Loos", "url": "https://pt.wikipedia.org/wiki/Pedro_Loos", "location": "Brusque, Região Geográfica Intermediária de Blumenau, Santa Catarina, Região Sul, Brasil" }, "geometry": { "type": "Point", "coordinates": [ -48.9136323, -27.0964628 ] } },
{ "type": "Feature", "properties": { "title": "Chef Otto", "url": "https://pt.wikipedia.org/wiki/Chef_Otto", "location": "Sorocaba, São Paulo, Região Sudeste, Brasil" }, "geometry": { "type": "Point", "coordinates": [ -47.4582864, -23.5003451 ] } },
{ "type": "Feature", "properties": { "title": "Gato Galáctico", "url": "https://pt.wikipedia.org/wiki/Gato_Galáctico", "location": "Gramado, Região Geográfica Intermediária de Caxias do Sul, Rio Grande do Sul, Região Sul, 95670-000, Brasil" }, "geometry": { "type": "Point", "coordinates": [ -50.8737019, -29.3792858 ] } },
{ "type": "Feature", "properties": { "title": "Piuzinho", "url": "https://pt.wikipedia.org/wiki/Piuzinho", "location": "Sete Lagoas, Minas Gerais, Região Sudeste, Brasil" }, "geometry": { "type": "Point", "coordinates": [ -44.246944, -19.466111 ] } },
{ "type": "Feature", "properties": { "title": "Marco Antonio Villa", "url": "https://pt.wikipedia.org/wiki/Marco_Antonio_Villa", "location": "São José do Rio Preto, São Paulo, Região Sudeste, Brasil" }, "geometry": { "type": "Point", "coordinates": [ -49.3804212, -20.8125851 ] } },
{ "type": "Feature", "properties": { "title": "Escarião", "url": "https://pt.wikipedia.org/wiki/Escarião", "location": "São Paulo, Região Sudeste, Brasil" }, "geometry": { "type": "Point", "coordinates": [ -46.6333824, -23.5506507 ] } },
{ "type": "Feature", "properties": { "title": "Nyvi Estephan", "url": "https://pt.wikipedia.org/wiki/Nyvi_Estephan", "location": "São Paulo, Região Sudeste, Brasil" }, "geometry": { "type": "Point", "coordinates": [ -46.6333824, -23.5506507 ] } },
{ "type": "Feature", "properties": { "title": "Philippe Maia", "url": "https://pt.wikipedia.org/wiki/Philippe_Maia", "location": "Rio de Janeiro, Região Sudeste, Brasil" }, "geometry": { "type": "Point", "coordinates": [ -43.2093727, -22.9110137 ] } },
{ "type": "Feature", "properties": { "title": "Hugo Gloss", "url": "https://pt.wikipedia.org/wiki/Hugo_Gloss", "location": "Brasília, Plano Piloto, Distrito Federal, Região Centro-Oeste, 70391-900, Brasil" }, "geometry": { "type": "Point", "coordinates": [ -47.8828, -15.7939869 ] } },
{ "type": "Feature", "properties": { "title": "Whindersson Nunes", "url": "https://pt.wikipedia.org/wiki/Whindersson_Nunes", "location": "Palmeira do Piauí, Piauí, Região Nordeste, Brasil" }, "geometry": { "type": "Point", "coordinates": [ -44.2356922, -8.7251991 ] } },
{ "type": "Feature", "properties": { "title": "Rafael Cortez", "url": "https://pt.wikipedia.org/wiki/Rafael_Cortez", "location": "São Paulo, Região Sudeste, Brasil" }, "geometry": { "type": "Point", "coordinates": [ -46.6333824, -23.5506507 ] } },
{ "type": "Feature", "properties": { "title": "Christian Figueiredo", "url": "https://pt.wikipedia.org/wiki/Christian_Figueiredo", "location": "Blumenau, Região Geográfica Imediata de Blumenau, Região Geográfica Intermediária de Blumenau, Santa Catarina, Região Sul, Brasil" }, "geometry": { "type": "Point", "coordinates": [ -49.0658025, -26.9195567 ] } },
{ "type": "Feature", "properties": { "title": "Camilla de Lucas", "url": "https://pt.wikipedia.org/wiki/Camilla_de_Lucas", "location": "Nova Iguaçu, Rio de Janeiro, Região Sudeste, Brasil" }, "geometry": { "type": "Point", "coordinates": [ -43.4508728, -22.7592175 ] } },
{ "type": "Feature", "properties": { "title": "Juliana Valcézia", "url": "https://pt.wikipedia.org/wiki/Juliana_Valcézia", "location": "São Paulo, Região Sudeste, Brasil" }, "geometry": { "type": "Point", "coordinates": [ -46.6333824, -23.5506507 ] } },
{ "type": "Feature", "properties": { "title": "El Gato", "url": "https://pt.wikipedia.org/wiki/El_Gato", "location": "Cerejeiras, Rondônia, Região Norte, 76997-000, Brasil" }, "geometry": { "type": "Point", "coordinates": [ -60.816836, -13.186987 ] } },
{ "type": "Feature", "properties": { "title": "Gabriela Senra", "url": "https://pt.wikipedia.org/wiki/Gabriela_Senra", "location": "Rio de Janeiro, Região Sudeste, Brasil" }, "geometry": { "type": "Point", "coordinates": [ -43.2093727, -22.9110137 ] } },
{ "type": "Feature", "properties": { "title": "Luciana D'Aulizio", "url": "https://pt.wikipedia.org/wiki/Luciana_D'Aulizio", "location": "Rio de Janeiro, Região Sudeste, Brasil" }, "geometry": { "type": "Point", "coordinates": [ -43.2093727, -22.9110137 ] } },
{ "type": "Feature", "properties": { "title": "Ana Paula Renault", "url": "https://pt.wikipedia.org/wiki/Ana_Paula_Renault", "location": "Belo Horizonte, Minas Gerais, Região Sudeste, Brasil" }, "geometry": { "type": "Point", "coordinates": [ -43.9450948, -19.9227318 ] } },
{ "type": "Feature", "properties": { "title": "Macla Tenório", "url": "https://pt.wikipedia.org/wiki/Macla_Tenório", "location": "Maceió, Alagoas, Região Nordeste, Brasil" }, "geometry": { "type": "Point", "coordinates": [ -35.7339264, -9.6476843 ] } },
{ "type": "Feature", "properties": { "title": "Vivi Cake", "url": "https://pt.wikipedia.org/wiki/Vivi_Cake", "location": "Ubiratã, Paraná, Região Sul, 85440-000, Brasil" }, "geometry": { "type": "Point", "coordinates": [ -52.9899678, -24.542725 ] } },
{ "type": "Feature", "properties": { "title": "Ney Lima", "url": "https://pt.wikipedia.org/wiki/Ney_Lima", "location": "Serrinha, Bahia, Região Nordeste, 48700-000, Brasil" }, "geometry": { "type": "Point", "coordinates": [ -39.0034021, -11.66199 ] } },
{ "type": "Feature", "properties": { "title": "Tata Estaniecki", "url": "https://pt.wikipedia.org/wiki/Tata_Estaniecki", "location": "Porto Alegre, Rio Grande do Sul, Região Sul, Brasil" }, "geometry": { "type": "Point", "coordinates": [ -51.2303767, -30.0324999 ] } },
{ "type": "Feature", "properties": { "title": "IShowSpeed", "url": "https://pt.wikipedia.org/wiki/IShowSpeed", "location": "Cincinnati, Hamilton County, Ohio, United States" }, "geometry": { "type": "Point", "coordinates": [ -84.5124602, 39.1014537 ] } },
{ "type": "Feature", "properties": { "title": "Cellbit", "url": "https://pt.wikipedia.org/wiki/Cellbit", "location": "Florianópolis, Santa Catarina, Região Sul, Brasil" }, "geometry": { "type": "Point", "coordinates": [ -48.5496098, -27.5973002 ] } },
{ "type": "Feature", "properties": { "title": "Inês Brasil", "url": "https://pt.wikipedia.org/wiki/Inês_Brasil", "location": "Rio de Janeiro, Região Sudeste, Brasil" }, "geometry": { "type": "Point", "coordinates": [ -43.2093727, -22.9110137 ] } },
{ "type": "Feature", "properties": { "title": "Madeleine Lacsko", "url": "https://pt.wikipedia.org/wiki/Madeleine_Lacsko", "location": "Santo André, São Paulo, Região Sudeste, Brasil" }, "geometry": { "type": "Point", "coordinates": [ -46.5279039, -23.6533509 ] } },
{ "type": "Feature", "properties": { "title": "Luva de Pedreiro", "url": "https://pt.wikipedia.org/wiki/Luva_de_Pedreiro", "location": "Quijingue, Bahia, Região Nordeste, Brasil" }, "geometry": { "type": "Point", "coordinates": [ -39.2075228, -10.7513728 ] } },
{ "type": "Feature", "properties": { "title": "Sarah Maciel", "url": "https://pt.wikipedia.org/wiki/Sarah_Maciel", "location": "Rio de Janeiro, Região Sudeste, Brasil" }, "geometry": { "type": "Point", "coordinates": [ -43.2093727, -22.9110137 ] } },
{ "type": "Feature", "properties": { "title": "Casimiro (streamer)", "url": "https://pt.wikipedia.org/wiki/Casimiro_(streamer)", "location": "Rio de Janeiro, Região Sudeste, Brasil" }, "geometry": { "type": "Point", "coordinates": [ -43.2093727, -22.9110137 ] } },
{ "type": "Feature", "properties": { "title": "Robinson Farinazzo", "url": "https://pt.wikipedia.org/wiki/Robinson_Farinazzo", "location": "Catanduva, São Paulo, Região Sudeste, Brasil" }, "geometry": { "type": "Point", "coordinates": [ -48.9712817, -21.1331035 ] } },
{ "type": "Feature", "properties": { "title": "Danilo Nogy", "url": "https://pt.wikipedia.org/wiki/Danilo_Nogy", "location": "Jacareí, São Paulo, Região Sudeste, Brasil" }, "geometry": { "type": "Point", "coordinates": [ -45.9723075, -23.3050682 ] } },
{ "type": "Feature", "properties": { "title": "Raphael Véles", "url": "https://pt.wikipedia.org/wiki/Raphael_Véles", "location": "São Paulo, Região Sudeste, Brasil" }, "geometry": { "type": "Point", "coordinates": [ -46.6333824, -23.5506507 ] } },
{ "type": "Feature", "properties": { "title": "Nobru", "url": "https://pt.wikipedia.org/wiki/Nobru", "location": "São Paulo, Região Sudeste, Brasil" }, "geometry": { "type": "Point", "coordinates": [ -46.6333824, -23.5506507 ] } },
{ "type": "Feature", "properties": { "title": "Ismeiow", "url": "https://pt.wikipedia.org/wiki/Ismeiow", "location": "Anápolis, Região Geográfica Imediata de Anápolis, Região Geográfica Intermediária de Goiânia, Goiás, Região Centro-Oeste, Brasil" }, "geometry": { "type": "Point", "coordinates": [ -48.9525756, -16.3332828 ] } },
{ "type": "Feature", "properties": { "title": "Netenho", "url": "https://pt.wikipedia.org/wiki/Netenho", "location": "Manaus, Amazonas, Região Norte, 69000-000, Brasil" }, "geometry": { "type": "Point", "coordinates": [ -59.9825041, -3.1316333 ] } },
{ "type": "Feature", "properties": { "title": "André Marinho (humorista)", "url": "https://pt.wikipedia.org/wiki/André_Marinho_(humorista)", "location": "Rio de Janeiro, Região Sudeste, Brasil" }, "geometry": { "type": "Point", "coordinates": [ -43.2093727, -22.9110137 ] } },
{ "type": "Feature", "properties": { "title": "Lucas Leto", "url": "https://pt.wikipedia.org/wiki/Lucas_Leto", "location": "Kostol Najsvätejšieho Spasiteľa, 410/5, Františkánske námestie, Vnútorné mesto, Historické jadro, Bratislava, Bratislavský kraj, okres Bratislava I, 811 01, Slovensko" }, "geometry": { "type": "Point", "coordinates": [ 17.1087471, 48.1440618 ] } },
{ "type": "Feature", "properties": { "title": "Victor Meyniel", "url": "https://pt.wikipedia.org/wiki/Victor_Meyniel", "location": "Rio de Janeiro, Região Sudeste, Brasil" }, "geometry": { "type": "Point", "coordinates": [ -43.2093727, -22.9110137 ] } },
{ "type": "Feature", "properties": { "title": "Sérgio Nogueira", "url": "https://pt.wikipedia.org/wiki/Sérgio_Nogueira", "location": "Porto Alegre, Rio Grande do Sul, Região Sul, Brasil" }, "geometry": { "type": "Point", "coordinates": [ -51.2303767, -30.0324999 ] } },
{ "type": "Feature", "properties": { "title": "Pirula", "url": "https://pt.wikipedia.org/wiki/Pirula", "location": "São Paulo, Região Sudeste, Brasil" }, "geometry": { "type": "Point", "coordinates": [ -46.6333824, -23.5506507 ] } },
{ "type": "Feature", "properties": { "title": "Tainá Costa", "url": "https://pt.wikipedia.org/wiki/Tainá_Costa", "location": "São Paulo, Região Sudeste, Brasil" }, "geometry": { "type": "Point", "coordinates": [ -46.6333824, -23.5506507 ] } },
{ "type": "Feature", "properties": { "title": "Guilherme Briggs", "url": "https://pt.wikipedia.org/wiki/Guilherme_Briggs", "location": "Rio de Janeiro, Região Sudeste, Brasil" }, "geometry": { "type": "Point", "coordinates": [ -43.2093727, -22.9110137 ] } },
{ "type": "Feature", "properties": { "title": "Paulo Kogos", "url": "https://pt.wikipedia.org/wiki/Paulo_Kogos", "location": "São Paulo, Região Sudeste, Brasil" }, "geometry": { "type": "Point", "coordinates": [ -46.6333824, -23.5506507 ] } },
{ "type": "Feature", "properties": { "title": "Giovanna Ewbank", "url": "https://pt.wikipedia.org/wiki/Giovanna_Ewbank", "location": "São Paulo, Região Sudeste, Brasil" }, "geometry": { "type": "Point", "coordinates": [ -46.6333824, -23.5506507 ] } },
{ "type": "Feature", "properties": { "title": "Diana Zambrozuski", "url": "https://pt.wikipedia.org/wiki/Diana_Zambrozuski", "location": "Osório, Região Geográfica Imediata de Tramandaí - Osório, Aglomeração Urbana do Litoral Norte, Região Geográfica Intermediária de Porto Alegre, Rio Grande do Sul, Região Sul, 95520-000, Brasil" }, "geometry": { "type": "Point", "coordinates": [ -50.2740498, -29.8890733 ] } },
{ "type": "Feature", "properties": { "title": "Kéfera Buchmann", "url": "https://pt.wikipedia.org/wiki/Kéfera_Buchmann", "location": "Curitiba, Paraná, Região Sul, Brasil" }, "geometry": { "type": "Point", "coordinates": [ -49.2712724, -25.4295963 ] } },
{ "type": "Feature", "properties": { "title": "Antonio Tabet", "url": "https://pt.wikipedia.org/wiki/Antonio_Tabet", "location": "Rio de Janeiro, Região Sudeste, Brasil" }, "geometry": { "type": "Point", "coordinates": [ -43.2093727, -22.9110137 ] } },
{ "type": "Feature", "properties": { "title": "Bibi Tatto", "url": "https://pt.wikipedia.org/wiki/Bibi_Tatto", "location": "São Paulo, Região Sudeste, Brasil" }, "geometry": { "type": "Point", "coordinates": [ -46.6333824, -23.5506507 ] } },
{ "type": "Feature", "properties": { "title": "Lucas Lira", "url": "https://pt.wikipedia.org/wiki/Lucas_Lira", "location": "Brasília, Plano Piloto, Distrito Federal, Região Centro-Oeste, 70391-900, Brasil" }, "geometry": { "type": "Point", "coordinates": [ -47.8828, -15.7939869 ] } },
{ "type": "Feature", "properties": { "title": "Celso Portiolli", "url": "https://pt.wikipedia.org/wiki/Celso_Portiolli", "location": "Maringá, Paraná, Região Sul, Brasil" }, "geometry": { "type": "Point", "coordinates": [ -51.9382078, -23.425269 ] } },
{ "type": "Feature", "properties": { "title": "Ana Paula Schneider", "url": "https://pt.wikipedia.org/wiki/Ana_Paula_Schneider", "location": "Santa Cruz do Sul, Rio Grande do Sul, Região Sul, Brasil" }, "geometry": { "type": "Point", "coordinates": [ -52.4285807, -29.714209 ] } },
{ "type": "Feature", "properties": { "title": "Rica Perrone", "url": "https://pt.wikipedia.org/wiki/Rica_Perrone", "location": "São Paulo, Região Sudeste, Brasil" }, "geometry": { "type": "Point", "coordinates": [ -46.6333824, -23.5506507 ] } },
{ "type": "Feature", "properties": { "title": "Lucas Rangel", "url": "https://pt.wikipedia.org/wiki/Lucas_Rangel", "location": "Belo Horizonte, Minas Gerais, Região Sudeste, Brasil" }, "geometry": { "type": "Point", "coordinates": [ -43.9450948, -19.9227318 ] } },
{ "type": "Feature", "properties": { "title": "Fred Bruno", "url": "https://pt.wikipedia.org/wiki/Fred_Bruno", "location": "São Paulo, Região Sudeste, Brasil" }, "geometry": { "type": "Point", "coordinates": [ -46.6333824, -23.5506507 ] } },
{ "type": "Feature", "properties": { "title": "Renato Cariani", "url": "https://pt.wikipedia.org/wiki/Renato_Cariani", "location": "São Paulo, Região Sudeste, Brasil" }, "geometry": { "type": "Point", "coordinates": [ -46.6333824, -23.5506507 ] } },
{ "type": "Feature", "properties": { "title": "Thiago Nigro", "url": "https://pt.wikipedia.org/wiki/Thiago_Nigro", "location": "São Paulo, Região Sudeste, Brasil" }, "geometry": { "type": "Point", "coordinates": [ -46.6333824, -23.5506507 ] } },
{ "type": "Feature", "properties": { "title": "Fábio Porchat", "url": "https://pt.wikipedia.org/wiki/Fábio_Porchat", "location": "Rio de Janeiro, Região Sudeste, Brasil" }, "geometry": { "type": "Point", "coordinates": [ -43.2093727, -22.9110137 ] } },
{ "type": "Feature", "properties": { "title": "Anderson Gaveta", "url": "https://pt.wikipedia.org/wiki/Anderson_Gaveta", "location": "Rio de Janeiro, Região Sudeste, Brasil" }, "geometry": { "type": "Point", "coordinates": [ -43.2093727, -22.9110137 ] } },
{ "type": "Feature", "properties": { "title": "Everson Zoio", "url": "https://pt.wikipedia.org/wiki/Everson_Zoio", "location": "Extrema, Minas Gerais, Região Sudeste, Brasil" }, "geometry": { "type": "Point", "coordinates": [ -46.3184553, -22.8548355 ] } },
{ "type": "Feature", "properties": { "title": "Rafael Procópio", "url": "https://pt.wikipedia.org/wiki/Rafael_Procópio", "location": "Rio de Janeiro, Região Sudeste, Brasil" }, "geometry": { "type": "Point", "coordinates": [ -43.2093727, -22.9110137 ] } },
{ "type": "Feature", "properties": { "title": "Jout Jout", "url": "https://pt.wikipedia.org/wiki/Jout_Jout", "location": "Niterói, Rio de Janeiro, Região Sudeste, Brasil" }, "geometry": { "type": "Point", "coordinates": [ -43.1147, -22.8884 ] } },
{ "type": "Feature", "properties": { "title": "Blogueirinha", "url": "https://pt.wikipedia.org/wiki/Blogueirinha", "location": "Mesquita, Rio de Janeiro, Região Sudeste, Brasil" }, "geometry": { "type": "Point", "coordinates": [ -43.460259, -22.802535 ] } },
{ "type": "Feature", "properties": { "title": "Deive Leonardo", "url": "https://pt.wikipedia.org/wiki/Deive_Leonardo", "location": "Joinville, Santa Catarina, Região Sul, Brasil" }, "geometry": { "type": "Point", "coordinates": [ -48.8486726, -26.3044898 ] } },
{ "type": "Feature", "properties": { "title": "Mabel Cezar", "url": "https://pt.wikipedia.org/wiki/Mabel_Cezar", "location": "Rio de Janeiro, Região Sudeste, Brasil" }, "geometry": { "type": "Point", "coordinates": [ -43.2093727, -22.9110137 ] } },
{ "type": "Feature", "properties": { "title": "Vitor Santos", "url": "https://pt.wikipedia.org/wiki/Vitor_Santos", "location": "Penafiel, Porto, Portugal" }, "geometry": { "type": "Point", "coordinates": [ -8.2855653, 41.2061892 ] } },
{ "type": "Feature", "properties": { "title": "Alessandra Negrini", "url": "https://pt.wikipedia.org/wiki/Alessandra_Negrini", "location": "São Paulo, Região Sudeste, Brasil" }, "geometry": { "type": "Point", "coordinates": [ -46.6333824, -23.5506507 ] } },
{ "type": "Feature", "properties": { "title": "Kevin Vechiatto", "url": "https://pt.wikipedia.org/wiki/Kevin_Vechiatto", "location": "Guarulhos, São Paulo, Região Sudeste, Brasil" }, "geometry": { "type": "Point", "coordinates": [ -46.5277704, -23.4675941 ] } },
{ "type": "Feature", "properties": { "title": "FunBABE", "url": "https://pt.wikipedia.org/wiki/FunBABE", "location": "Porto Alegre, Rio Grande do Sul, Região Sul, Brasil" }, "geometry": { "type": "Point", "coordinates": [ -51.2303767, -30.0324999 ] } },
{ "type": "Feature", "properties": { "title": "Bruna Laynes", "url": "https://pt.wikipedia.org/wiki/Bruna_Laynes", "location": "Rio de Janeiro, Região Sudeste, Brasil" }, "geometry": { "type": "Point", "coordinates": [ -43.2093727, -22.9110137 ] } },
{ "type": "Feature", "properties": { "title": "Gaules", "url": "https://pt.wikipedia.org/wiki/Gaules", "location": "São Paulo, Região Sudeste, Brasil" }, "geometry": { "type": "Point", "coordinates": [ -46.6333824, -23.5506507 ] } },
{ "type": "Feature", "properties": { "title": "Iberê Thenório", "url": "https://pt.wikipedia.org/wiki/Iberê_Thenório", "location": "Sorocaba, São Paulo, Região Sudeste, Brasil" }, "geometry": { "type": "Point", "coordinates": [ -47.4582864, -23.5003451 ] } },
{ "type": "Feature", "properties": { "title": "Paul Cabannes", "url": "https://pt.wikipedia.org/wiki/Paul_Cabannes", "location": "Paris, Île-de-France, France métropolitaine, France" }, "geometry": { "type": "Point", "coordinates": [ 2.3483915, 48.8534951 ] } },
{ "type": "Feature", "properties": { "title": "Cerol (jogador)", "url": "https://pt.wikipedia.org/wiki/Cerol_(jogador)", "location": "Rio de Janeiro, Região Sudeste, Brasil" }, "geometry": { "type": "Point", "coordinates": [ -43.2093727, -22.9110137 ] } },
{ "type": "Feature", "properties": { "title": "João Quirino", "url": "https://pt.wikipedia.org/wiki/João_Quirino", "location": "Quirinópolis, Goiás, Região Centro-Oeste, Brasil" }, "geometry": { "type": "Point", "coordinates": [ -50.4546981, -18.4471859 ] } },
{ "type": "Feature", "properties": { "title": "Renata Schneider", "url": "https://pt.wikipedia.org/wiki/Renata_Schneider", "location": "Alto Feliz, Região Geográfica Intermediária de Caxias do Sul, Rio Grande do Sul, Região Sul, 95773-000, Brasil" }, "geometry": { "type": "Point", "coordinates": [ -51.3123751, -29.3785943 ] } },
{ "type": "Feature", "properties": { "title": "Gil Brother Away", "url": "https://pt.wikipedia.org/wiki/Gil_Brother_Away", "location": "Petrópolis, Região Geográfica Intermediária de Petrópolis, Rio de Janeiro, Região Sudeste, Brasil" }, "geometry": { "type": "Point", "coordinates": [ -43.1752593, -22.3880004 ] } },
{ "type": "Feature", "properties": { "title": "Chico Pedrotti", "url": "https://pt.wikipedia.org/wiki/Chico_Pedrotti", "location": "São Paulo, Região Sudeste, Brasil" }, "geometry": { "type": "Point", "coordinates": [ -46.6333824, -23.5506507 ] } },
{ "type": "Feature", "properties": { "title": "Adriane Galisteu", "url": "https://pt.wikipedia.org/wiki/Adriane_Galisteu", "location": "São Paulo, Região Sudeste, Brasil" }, "geometry": { "type": "Point", "coordinates": [ -46.6333824, -23.5506507 ] } },
{ "type": "Feature", "properties": { "title": "Carolina Ferraz", "url": "https://pt.wikipedia.org/wiki/Carolina_Ferraz", "location": "Morrinhos, Goiás, Região Centro-Oeste, Brasil" }, "geometry": { "type": "Point", "coordinates": [ -49.105908, -17.7333689 ] } },
{ "type": "Feature", "properties": { "title": "Flavia Pavanelli", "url": "https://pt.wikipedia.org/wiki/Flavia_Pavanelli", "location": "Arujá, São Paulo, Região Sudeste, Brasil" }, "geometry": { "type": "Point", "coordinates": [ -46.3175449, -23.396266 ] } },
{ "type": "Feature", "properties": { "title": "Caio Coppolla", "url": "https://pt.wikipedia.org/wiki/Caio_Coppolla", "location": "São Paulo, Região Sudeste, Brasil" }, "geometry": { "type": "Point", "coordinates": [ -46.6333824, -23.5506507 ] } },
{ "type": "Feature", "properties": { "title": "Nienke Helthuis", "url": "https://pt.wikipedia.org/wiki/Nienke_Helthuis", "location": "Almelo, Overijssel, Nederland" }, "geometry": { "type": "Point", "coordinates": [ 6.6636219, 52.3563585 ] } },
{ "type": "Feature", "properties": { "title": "Gregório Duvivier", "url": "https://pt.wikipedia.org/wiki/Gregório_Duvivier", "location": "Rio de Janeiro, Região Sudeste, Brasil" }, "geometry": { "type": "Point", "coordinates": [ -43.2093727, -22.9110137 ] } },
{ "type": "Feature", "properties": { "title": "Rafa Dias", "url": "https://pt.wikipedia.org/wiki/Rafa_Dias", "location": "Florianópolis, Santa Catarina, Região Sul, Brasil" }, "geometry": { "type": "Point", "coordinates": [ -48.5496098, -27.5973002 ] } },
{ "type": "Feature", "properties": { "title": "Antônia Fontenelle", "url": "https://pt.wikipedia.org/wiki/Antônia_Fontenelle", "location": "Brasília, Plano Piloto, Região Geográfica Intermediária do Distrito Federal, Distrito Federal, Região Centro-Oeste, 70391-900, Brasil" }, "geometry": { "type": "Point", "coordinates": [ -47.8828, -15.7939869 ] } },
{ "type": "Feature", "properties": { "title": "Andressa Suita", "url": "https://pt.wikipedia.org/wiki/Andressa_Suita", "location": "Quirinópolis, Goiás, Região Centro-Oeste, Brasil" }, "geometry": { "type": "Point", "coordinates": [ -50.4546981, -18.4471859 ] } },
{ "type": "Feature", "properties": { "title": "Isabelle Nogueira", "url": "https://pt.wikipedia.org/wiki/Isabelle_Nogueira", "location": "Manaus, Amazonas, Região Norte, 69000-000, Brasil" }, "geometry": { "type": "Point", "coordinates": [ -59.9825041, -3.1316333 ] } },
{ "type": "Feature", "properties": { "title": "Bistecone", "url": "https://pt.wikipedia.org/wiki/Bistecone", "location": "Mauá, São Paulo, Região Sudeste, Brasil" }, "geometry": { "type": "Point", "coordinates": [ -46.4616922, -23.6669527 ] } },
{ "type": "Feature", "properties": { "title": "Andressa Urach", "url": "https://pt.wikipedia.org/wiki/Andressa_Urach", "location": "Ijuí, Região Geográfica Imediata de Ijuí, Região Geográfica Intermediária de Ijui, Rio Grande do Sul, Região Sul, 98700-000, Brasil" }, "geometry": { "type": "Point", "coordinates": [ -53.9201692, -28.3878734 ] } },
{ "type": "Feature", "properties": { "title": "Sweet Carol", "url": "https://pt.wikipedia.org/wiki/Sweet_Carol", "location": "Itapira, São Paulo, Região Sudeste, Brasil" }, "geometry": { "type": "Point", "coordinates": [ -46.821667, -22.436111 ] } },
{ "type": "Feature", "properties": { "title": "Coringa (streamer)", "url": "https://pt.wikipedia.org/wiki/Coringa_(streamer)", "location": "Belo Horizonte, Minas Gerais, Região Sudeste, Brasil" }, "geometry": { "type": "Point", "coordinates": [ -43.9450948, -19.9227318 ] } },
{ "type": "Feature", "properties": { "title": "T3ddy", "url": "https://pt.wikipedia.org/wiki/T3ddy", "location": "Ribeirão Preto, São Paulo, Região Sudeste, Brasil" }, "geometry": { "type": "Point", "coordinates": [ -47.8100983, -21.1776315 ] } },
{ "type": "Feature", "properties": { "title": "Alexandre Linck", "url": "https://pt.wikipedia.org/wiki/Alexandre_Linck", "location": "Sobradinho, Rio Grande do Sul, Região Sul, 96900-000, Brasil" }, "geometry": { "type": "Point", "coordinates": [ -53.0256794, -29.4131826 ] } },
{ "type": "Feature", "properties": { "title": "Penelopy Jean", "url": "https://pt.wikipedia.org/wiki/Penelopy_Jean", "location": "Poços de Caldas, Minas Gerais, Região Sudeste, Brasil" }, "geometry": { "type": "Point", "coordinates": [ -46.5647928, -21.7900318 ] } },
{ "type": "Feature", "properties": { "title": "Foquinha", "url": "https://pt.wikipedia.org/wiki/Foquinha", "location": "São Paulo, Região Sudeste, Brasil" }, "geometry": { "type": "Point", "coordinates": [ -46.6333824, -23.5506507 ] } },
{ "type": "Feature", "properties": { "title": "Irmã Kelly Patrícia", "url": "https://pt.wikipedia.org/wiki/Irmã_Kelly_Patrícia", "location": "Fortaleza, Região Nordeste, Brasil" }, "geometry": { "type": "Point", "coordinates": [ -38.5217989, -3.7304512 ] } },
{ "type": "Feature", "properties": { "title": "Sofia Oliveira", "url": "https://pt.wikipedia.org/wiki/Sofia_Oliveira", "location": "Curitiba, Paraná, Região Sul, Brasil" }, "geometry": { "type": "Point", "coordinates": [ -49.2712724, -25.4295963 ] } },
{ "type": "Feature", "properties": { "title": "Alberto Dell'Isola", "url": "https://pt.wikipedia.org/wiki/Alberto_Dell'Isola", "location": "Belo Horizonte, Minas Gerais, Região Sudeste, Brasil" }, "geometry": { "type": "Point", "coordinates": [ -43.9450948, -19.9227318 ] } },
{ "type": "Feature", "properties": { "title": "Maisa Silva", "url": "https://pt.wikipedia.org/wiki/Maisa_Silva", "location": "São Bernardo do Campo, São Paulo, Região Sudeste, Brasil" }, "geometry": { "type": "Point", "coordinates": [ -46.5506747, -23.7080345 ] } },
{ "type": "Feature", "properties": { "title": "Fernanda Souza", "url": "https://pt.wikipedia.org/wiki/Fernanda_Souza", "location": "São Paulo, Região Sudeste, Brasil" }, "geometry": { "type": "Point", "coordinates": [ -46.6333824, -23.5506507 ] } },
{ "type": "Feature", "properties": { "title": "Danielle Noce", "url": "https://pt.wikipedia.org/wiki/Danielle_Noce", "location": "Brasília, Plano Piloto, Distrito Federal, Região Centro-Oeste, 70391-900, Brasil" }, "geometry": { "type": "Point", "coordinates": [ -47.8828, -15.7939869 ] } },
{ "type": "Feature", "properties": { "title": "Aurélio Alfieri", "url": "https://pt.wikipedia.org/wiki/Aurélio_Alfieri", "location": "Santa Mariana, Paraná, Região Sul, 86350-000, Brasil" }, "geometry": { "type": "Point", "coordinates": [ -50.5199587, -23.1499367 ] } },
{ "type": "Feature", "properties": { "title": "Richard Rasmussen", "url": "https://pt.wikipedia.org/wiki/Richard_Rasmussen", "location": "São Paulo, Região Sudeste, Brasil" }, "geometry": { "type": "Point", "coordinates": [ -46.6333824, -23.5506507 ] } },
{ "type": "Feature", "properties": { "title": "Fabiane Thompson", "url": "https://pt.wikipedia.org/wiki/Fabiane_Thompson", "location": "Canoas, Região Geográfica Intermediária de Porto Alegre, Rio Grande do Sul, Região Sul, Brasil" }, "geometry": { "type": "Point", "coordinates": [ -51.1799525, -29.9216045 ] } },
{ "type": "Feature", "properties": { "title": "Sofia Santino", "url": "https://pt.wikipedia.org/wiki/Sofia_Santino", "location": "Recife, Pernambuco, Região Nordeste, Brasil" }, "geometry": { "type": "Point", "coordinates": [ -34.8848193, -8.0584933 ] } },
{ "type": "Feature", "properties": { "title": "MariMoon", "url": "https://pt.wikipedia.org/wiki/MariMoon", "location": "São Paulo, Região Sudeste, Brasil" }, "geometry": { "type": "Point", "coordinates": [ -46.6333824, -23.5506507 ] } },
{ "type": "Feature", "properties": { "title": "Jaffar Bambirra", "url": "https://pt.wikipedia.org/wiki/Jaffar_Bambirra", "location": "Rio de Janeiro, Região Sudeste, Brasil" }, "geometry": { "type": "Point", "coordinates": [ -43.2093727, -22.9110137 ] } },
{ "type": "Feature", "properties": { "title": "Aguinaldo Silva", "url": "https://pt.wikipedia.org/wiki/Aguinaldo_Silva", "location": "Carpina, Pernambuco, Região Nordeste, Brasil" }, "geometry": { "type": "Point", "coordinates": [ -35.2538861, -7.8459105 ] } },
{ "type": "Feature", "properties": { "title": "Max Petterson", "url": "https://pt.wikipedia.org/wiki/Max_Petterson", "location": "Crato, Ceará, Região Nordeste, Brasil" }, "geometry": { "type": "Point", "coordinates": [ -39.4149236, -7.2369112 ] } },
{ "type": "Feature", "properties": { "title": "Emme White", "url": "https://pt.wikipedia.org/wiki/Emme_White", "location": "Porto Alegre, Rio Grande do Sul, Região Sul, Brasil" }, "geometry": { "type": "Point", "coordinates": [ -51.2303767, -30.0324999 ] } },
{ "type": "Feature", "properties": { "title": "Estevam Nabote", "url": "https://pt.wikipedia.org/wiki/Estevam_Nabote", "location": "São João de Meriti, Rio de Janeiro, Região Sudeste, Brasil" }, "geometry": { "type": "Point", "coordinates": [ -43.366715, -22.7853575 ] } },
{ "type": "Feature", "properties": { "title": "Thaynara OG", "url": "https://pt.wikipedia.org/wiki/Thaynara_OG", "location": "São Luís, Região Geográfica Imediata de São Luís, Região Geográfica Intermediária de São Luís, Maranhão, Região Nordeste, Brasil" }, "geometry": { "type": "Point", "coordinates": [ -44.2963942, -2.5295265 ] } },
{ "type": "Feature", "properties": { "title": "Pyong Lee", "url": "https://pt.wikipedia.org/wiki/Pyong_Lee", "location": "São Paulo, Região Sudeste, Brasil" }, "geometry": { "type": "Point", "coordinates": [ -46.6333824, -23.5506507 ] } },
{ "type": "Feature", "properties": { "title": "Silvia Abravanel", "url": "https://pt.wikipedia.org/wiki/Silvia_Abravanel", "location": "São Paulo, Região Sudeste, Brasil" }, "geometry": { "type": "Point", "coordinates": [ -46.6333824, -23.5506507 ] } },
{ "type": "Feature", "properties": { "title": "Maria Clara & JP", "url": "https://pt.wikipedia.org/wiki/Maria_Clara_&_JP", "location": "Rio de Janeiro, Região Sudeste, Brasil" }, "geometry": { "type": "Point", "coordinates": [ -43.2093727, -22.9110137 ] } },
{ "type": "Feature", "properties": { "title": "Rafael Uccman", "url": "https://pt.wikipedia.org/wiki/Rafael_Uccman", "location": "Fernandópolis, São Paulo, Região Sudeste, Brasil" }, "geometry": { "type": "Point", "coordinates": [ -50.2500762, -20.2825647 ] } },
{ "type": "Feature", "properties": { "title": "Lorena Improta", "url": "https://pt.wikipedia.org/wiki/Lorena_Improta", "location": "Salvador, Bahia, Região Nordeste, Brasil" }, "geometry": { "type": "Point", "coordinates": [ -38.4812772, -12.9822499 ] } },
{ "type": "Feature", "properties": { "title": "Charles Emmanuel", "url": "https://pt.wikipedia.org/wiki/Charles_Emmanuel", "location": "Piraquara, Paraná, Região Sul, Brasil" }, "geometry": { "type": "Point", "coordinates": [ -49.0604473, -25.4423273 ] } },
{ "type": "Feature", "properties": { "title": "Gustavo Mioto", "url": "https://pt.wikipedia.org/wiki/Gustavo_Mioto", "location": "Votuporanga, São Paulo, Região Sudeste, Brasil" }, "geometry": { "type": "Point", "coordinates": [ -49.972028, -20.4252908 ] } },
{ "type": "Feature", "properties": { "title": "Fred Elboni", "url": "https://pt.wikipedia.org/wiki/Fred_Elboni", "location": "São Paulo, Região Sudeste, Brasil" }, "geometry": { "type": "Point", "coordinates": [ -46.6333824, -23.5506507 ] } },
{ "type": "Feature", "properties": { "title": "Nathalia Arcuri", "url": "https://pt.wikipedia.org/wiki/Nathalia_Arcuri", "location": "Mogi das Cruzes, São Paulo, Região Sudeste, Brasil" }, "geometry": { "type": "Point", "coordinates": [ -46.1926671, -23.5234284 ] } },
{ "type": "Feature", "properties": { "title": "Viih Tube", "url": "https://pt.wikipedia.org/wiki/Viih_Tube", "location": "São Paulo, Região Sudeste, Brasil" }, "geometry": { "type": "Point", "coordinates": [ -46.6333824, -23.5506507 ] } },
{ "type": "Feature", "properties": { "title": "PlayHard", "url": "https://pt.wikipedia.org/wiki/PlayHard", "location": "Viçosa, Minas Gerais, Região Sudeste, Brasil" }, "geometry": { "type": "Point", "coordinates": [ -42.8815888, -20.7538586 ] } },
{ "type": "Feature", "properties": { "title": "Professor Jubilut", "url": "https://pt.wikipedia.org/wiki/Professor_Jubilut", "location": "Santos, São Paulo, Região Sudeste, Brasil" }, "geometry": { "type": "Point", "coordinates": [ -46.3166316, -23.9609448 ] } },
{ "type": "Feature", "properties": { "title": "Fernanda Schneider", "url": "https://pt.wikipedia.org/wiki/Fernanda_Schneider", "location": "Rio de Janeiro, Região Sudeste, Brasil" }, "geometry": { "type": "Point", "coordinates": [ -43.2093727, -22.9110137 ] } },
{ "type": "Feature", "properties": { "title": "Francisco Cuoco", "url": "https://pt.wikipedia.org/wiki/Francisco_Cuoco", "location": "São Paulo, Região Sudeste, Brasil" }, "geometry": { "type": "Point", "coordinates": [ -46.6333824, -23.5506507 ] } },
{ "type": "Feature", "properties": { "title": "Jorge Iggor", "url": "https://pt.wikipedia.org/wiki/Jorge_Iggor", "location": "Rio de Janeiro, Região Sudeste, Brasil" }, "geometry": { "type": "Point", "coordinates": [ -43.2093727, -22.9110137 ] } },
{ "type": "Feature", "properties": { "title": "Lucas Lucco", "url": "https://pt.wikipedia.org/wiki/Lucas_Lucco", "location": "Patrocínio, Minas Gerais, Região Sudeste, Brasil" }, "geometry": { "type": "Point", "coordinates": [ -46.9926624, -18.9408294 ] } },
{ "type": "Feature", "properties": { "title": "Niina Secrets", "url": "https://pt.wikipedia.org/wiki/Niina_Secrets", "location": "São Paulo, Região Sudeste, Brasil" }, "geometry": { "type": "Point", "coordinates": [ -46.6333824, -23.5506507 ] } },
{ "type": "Feature", "properties": { "title": "Mamma Bruschetta", "url": "https://pt.wikipedia.org/wiki/Mamma_Bruschetta", "location": "São Paulo, Região Sudeste, Brasil" }, "geometry": { "type": "Point", "coordinates": [ -46.6333824, -23.5506507 ] } },
{ "type": "Feature", "properties": { "title": "Nath Finanças", "url": "https://pt.wikipedia.org/wiki/Nath_Finanças", "location": "Nova Iguaçu, Rio de Janeiro, Região Sudeste, Brasil" }, "geometry": { "type": "Point", "coordinates": [ -43.4508728, -22.7592175 ] } },
{ "type": "Feature", "properties": { "title": "Leda Nagle", "url": "https://pt.wikipedia.org/wiki/Leda_Nagle", "location": "Juiz de Fora, Minas Gerais, Região Sudeste, Brasil" }, "geometry": { "type": "Point", "coordinates": [ -43.3501129, -21.7609533 ] } },
{ "type": "Feature", "properties": { "title": "Nátaly Neri", "url": "https://pt.wikipedia.org/wiki/Nátaly_Neri", "location": "Assis, São Paulo, Região Sudeste, Brasil" }, "geometry": { "type": "Point", "coordinates": [ -50.420623, -22.6620892 ] } },
{ "type": "Feature", "properties": { "title": "Rasta", "url": "https://pt.wikipedia.org/wiki/Rasta", "location": "Recife, Pernambuco, Região Nordeste, Brasil" }, "geometry": { "type": "Point", "coordinates": [ -34.8848193, -8.0584933 ] } },
{ "type": "Feature", "properties": { "title": "Giovanna Alparone", "url": "https://pt.wikipedia.org/wiki/Giovanna_Alparone", "location": "Rio de Janeiro, Região Sudeste, Brasil" }, "geometry": { "type": "Point", "coordinates": [ -43.2093727, -22.9110137 ] } },
{ "type": "Feature", "properties": { "title": "Diego Higa", "url": "https://pt.wikipedia.org/wiki/Diego_Higa", "location": "Santos, São Paulo, Região Sudeste, Brasil" }, "geometry": { "type": "Point", "coordinates": [ -46.3166316, -23.9609448 ] } },
{ "type": "Feature", "properties": { "title": "João Pedro Paes Leme", "url": "https://pt.wikipedia.org/wiki/João_Pedro_Paes_Leme", "location": "Rio de Janeiro, Região Sudeste, Brasil" }, "geometry": { "type": "Point", "coordinates": [ -43.2093727, -22.9110137 ] } },
{ "type": "Feature", "properties": { "title": "Lucas Selfie", "url": "https://pt.wikipedia.org/wiki/Lucas_Selfie", "location": "São Paulo, Região Sudeste, Brasil" }, "geometry": { "type": "Point", "coordinates": [ -46.6333824, -23.5506507 ] } },
{ "type": "Feature", "properties": { "title": "Edir Macedo", "url": "https://pt.wikipedia.org/wiki/Edir_Macedo", "location": "Rio das Flores, Região Geográfica Intermediária de Volta Redonda-Barra Mansa, Rio de Janeiro, Região Sudeste, 27660-000, Brasil" }, "geometry": { "type": "Point", "coordinates": [ -43.540995, -22.1699171 ] } },
{ "type": "Feature", "properties": { "title": "Carlinhos Maia", "url": "https://pt.wikipedia.org/wiki/Carlinhos_Maia", "location": "Penedo, Alagoas, Região Nordeste, Brasil" }, "geometry": { "type": "Point", "coordinates": [ -36.5819262, -10.2872341 ] } },
{ "type": "Feature", "properties": { "title": "Paulo Ricardo (padre)", "url": "https://pt.wikipedia.org/wiki/Paulo_Ricardo_(padre)", "location": "Recife, Pernambuco, Região Nordeste, Brasil" }, "geometry": { "type": "Point", "coordinates": [ -34.8848193, -8.0584933 ] } },
{ "type": "Feature", "properties": { "title": "Carla Diaz", "url": "https://pt.wikipedia.org/wiki/Carla_Diaz", "location": "São Paulo, Região Sudeste, Brasil" }, "geometry": { "type": "Point", "coordinates": [ -46.6333824, -23.5506507 ] } },
{ "type": "Feature", "properties": { "title": "Karina Bacchi", "url": "https://pt.wikipedia.org/wiki/Karina_Bacchi", "location": "São Manuel, Região Geográfica Intermediária de Bauru, São Paulo, Região Sudeste, 18650-000, Brasil" }, "geometry": { "type": "Point", "coordinates": [ -48.572316, -22.732081 ] } },
{ "type": "Feature", "properties": { "title": "Games EduUu", "url": "https://pt.wikipedia.org/wiki/Games_EduUu", "location": "Carapicuíba, São Paulo, Região Sudeste, Brasil" }, "geometry": { "type": "Point", "coordinates": [ -46.8406808, -23.5234673 ] } },
{ "type": "Feature", "properties": { "title": "Lito Sousa", "url": "https://pt.wikipedia.org/wiki/Lito_Sousa", "location": "Natal, Rio Grande do Norte, Região Nordeste, Brasil" }, "geometry": { "type": "Point", "coordinates": [ -35.2080905, -5.805398 ] } },
{ "type": "Feature", "properties": { "title": "Giselle Monteiro", "url": "https://pt.wikipedia.org/wiki/Giselle_Monteiro", "location": "Rio de Janeiro, Região Sudeste, Brasil" }, "geometry": { "type": "Point", "coordinates": [ -43.2093727, -22.9110137 ] } },
{ "type": "Feature", "properties": { "title": "Luísa Sonza", "url": "https://pt.wikipedia.org/wiki/Luísa_Sonza", "location": "Tuparendi, Rio Grande do Sul, Região Sul, 98940-000, Brasil" }, "geometry": { "type": "Point", "coordinates": [ -54.4829323, -27.7622992 ] } },
{ "type": "Feature", "properties": { "title": "Lorena Reginato", "url": "https://pt.wikipedia.org/wiki/Lorena_Reginato", "location": "Jaú, Região Geográfica Intermediária de Bauru, São Paulo, Região Sudeste, Brasil" }, "geometry": { "type": "Point", "coordinates": [ -48.5593432, -22.2933031 ] } },
{ "type": "Feature", "properties": { "title": "Junior Lima", "url": "https://pt.wikipedia.org/wiki/Junior_Lima", "location": "Campinas, São Paulo, Região Sudeste, Brasil" }, "geometry": { "type": "Point", "coordinates": [ -47.059564, -22.9056391 ] } },
{ "type": "Feature", "properties": { "title": "Vitor Belfort", "url": "https://pt.wikipedia.org/wiki/Vitor_Belfort", "location": "Rio de Janeiro, Região Sudeste, Brasil" }, "geometry": { "type": "Point", "coordinates": [ -43.2093727, -22.9110137 ] } },
{ "type": "Feature", "properties": { "title": "Reinaldo Montalvão", "url": "https://pt.wikipedia.org/wiki/Reinaldo_Montalvão", "location": "São Paulo, Região Sudeste, Brasil" }, "geometry": { "type": "Point", "coordinates": [ -46.6333824, -23.5506507 ] } },
{ "type": "Feature", "properties": { "title": "Sabrina Sato", "url": "https://pt.wikipedia.org/wiki/Sabrina_Sato", "location": "Penápolis, Região Imediata de Birigui-Penápolis, Região Geográfica Intermediária de Araçatuba, São Paulo, Brasil" }, "geometry": { "type": "Point", "coordinates": [ -50.0765588, -21.4192406 ] } },
{ "type": "Feature", "properties": { "title": "KondZilla", "url": "https://pt.wikipedia.org/wiki/KondZilla", "location": "Guarujá, São Paulo, Região Sudeste, Brasil" }, "geometry": { "type": "Point", "coordinates": [ -46.2558332, -23.9927768 ] } },
{ "type": "Feature", "properties": { "title": "Carlos Alberto de Nóbrega", "url": "https://pt.wikipedia.org/wiki/Carlos_Alberto_de_Nóbrega", "location": "Niterói, Rio de Janeiro, Região Sudeste, Brasil" }, "geometry": { "type": "Point", "coordinates": [ -43.1147, -22.8884 ] } },
{ "type": "Feature", "properties": { "title": "Melody (cantora)", "url": "https://pt.wikipedia.org/wiki/Melody_(cantora)", "location": "São Paulo, Região Sudeste, Brasil" }, "geometry": { "type": "Point", "coordinates": [ -46.6333824, -23.5506507 ] } },
{ "type": "Feature", "properties": { "title": "Ana Hickmann", "url": "https://pt.wikipedia.org/wiki/Ana_Hickmann", "location": "Santa Cruz do Sul, Rio Grande do Sul, Região Sul, Brasil" }, "geometry": { "type": "Point", "coordinates": [ -52.4285807, -29.714209 ] } },
{ "type": "Feature", "properties": { "title": "Yuri Marçal", "url": "https://pt.wikipedia.org/wiki/Yuri_Marçal", "location": "Rio de Janeiro, Região Sudeste, Brasil" }, "geometry": { "type": "Point", "coordinates": [ -43.2093727, -22.9110137 ] } },
{ "type": "Feature", "properties": { "title": "Yara Cortes", "url": "https://pt.wikipedia.org/wiki/Yara_Cortes", "location": "Quadra DF, Vilage do Sol, Visconde de Itaboraí, Itaboraí, Rio de Janeiro, Região Sudeste, Brasil" }, "geometry": { "type": "Point", "coordinates": [ -42.9209784, -22.7131238 ] } },
{ "type": "Feature", "properties": { "title": "Ludmila Dayer", "url": "https://pt.wikipedia.org/wiki/Ludmila_Dayer", "location": "Rio de Janeiro, Região Sudeste, Brasil" }, "geometry": { "type": "Point", "coordinates": [ -43.2093727, -22.9110137 ] } },
{ "type": "Feature", "properties": { "title": "Jéssica Vieira", "url": "https://pt.wikipedia.org/wiki/Jéssica_Vieira", "location": "Rio de Janeiro, Região Sudeste, Brasil" }, "geometry": { "type": "Point", "coordinates": [ -43.2093727, -22.9110137 ] } },
{ "type": "Feature", "properties": { "title": "Matheus Costa (tiktoker)", "url": "https://pt.wikipedia.org/wiki/Matheus_Costa_(tiktoker)", "location": "Rio de Janeiro, Região Sudeste, Brasil" }, "geometry": { "type": "Point", "coordinates": [ -43.2093727, -22.9110137 ] } },
{ "type": "Feature", "properties": { "title": "Yudi Tamashiro", "url": "https://pt.wikipedia.org/wiki/Yudi_Tamashiro", "location": "Santos, São Paulo, Região Sudeste, Brasil" }, "geometry": { "type": "Point", "coordinates": [ -46.3166316, -23.9609448 ] } },
{ "type": "Feature", "properties": { "title": "Fhelipe Gomes", "url": "https://pt.wikipedia.org/wiki/Fhelipe_Gomes", "location": "Curitiba, Paraná, Região Sul, Brasil" }, "geometry": { "type": "Point", "coordinates": [ -49.2712724, -25.4295963 ] } },
{ "type": "Feature", "properties": { "title": "Ronnie Von", "url": "https://pt.wikipedia.org/wiki/Ronnie_Von", "location": "Niterói, Rio de Janeiro, Região Sudeste, Brasil" }, "geometry": { "type": "Point", "coordinates": [ -43.1147, -22.8884 ] } },
{ "type": "Feature", "properties": { "title": "Sandy", "url": "https://pt.wikipedia.org/wiki/Sandy", "location": "Campinas, São Paulo, Região Sudeste, Brasil" }, "geometry": { "type": "Point", "coordinates": [ -47.059564, -22.9056391 ] } },
{ "type": "Feature", "properties": { "title": "Christian Dunker", "url": "https://pt.wikipedia.org/wiki/Christian_Dunker", "location": "São Paulo, Região Sudeste, Brasil" }, "geometry": { "type": "Point", "coordinates": [ -46.6333824, -23.5506507 ] } },
{ "type": "Feature", "properties": { "title": "Bento Ribeiro (ator)", "url": "https://pt.wikipedia.org/wiki/Bento_Ribeiro_(ator)", "location": "Lisboa, Portugal" }, "geometry": { "type": "Point", "coordinates": [ -9.1365919, 38.7077507 ] } },
{ "type": "Feature", "properties": { "title": "Pablo Peixoto (autor)", "url": "https://pt.wikipedia.org/wiki/Pablo_Peixoto_(autor)", "location": "Cataguases, Minas Gerais, Região Sudeste, Brasil" }, "geometry": { "type": "Point", "coordinates": [ -42.6957219, -21.387426 ] } },
{ "type": "Feature", "properties": { "title": "Tom Cavalcante", "url": "https://pt.wikipedia.org/wiki/Tom_Cavalcante", "location": "Fortaleza, Ceará, Região Nordeste, Brasil" }, "geometry": { "type": "Point", "coordinates": [ -38.5217989, -3.7304512 ] } },
{ "type": "Feature", "properties": { "title": "Dani Calabresa", "url": "https://pt.wikipedia.org/wiki/Dani_Calabresa", "location": "São Bernardo do Campo, São Paulo, Região Sudeste, Brasil" }, "geometry": { "type": "Point", "coordinates": [ -46.5506747, -23.7080345 ] } },
{ "type": "Feature", "properties": { "title": "Márcia Goldschmidt", "url": "https://pt.wikipedia.org/wiki/Márcia_Goldschmidt", "location": "São Paulo, Região Sudeste, Brasil" }, "geometry": { "type": "Point", "coordinates": [ -46.6333824, -23.5506507 ] } },
{ "type": "Feature", "properties": { "title": "Cláudia Alende", "url": "https://pt.wikipedia.org/wiki/Cláudia_Alende", "location": "Francisco Beltrão, Paraná, Região Sul, Brasil" }, "geometry": { "type": "Point", "coordinates": [ -53.0533527, -26.0790979 ] } },
{ "type": "Feature", "properties": { "title": "JogaSamuca", "url": "https://pt.wikipedia.org/wiki/JogaSamuca", "location": "São Paulo, Região Sudeste, Brasil" }, "geometry": { "type": "Point", "coordinates": [ -46.6333824, -23.5506507 ] } },
{ "type": "Feature", "properties": { "title": "Marcelo Zangrandi", "url": "https://pt.wikipedia.org/wiki/Marcelo_Zangrandi", "location": "São Paulo, Região Sudeste, Brasil" }, "geometry": { "type": "Point", "coordinates": [ -46.6333824, -23.5506507 ] } },
{ "type": "Feature", "properties": { "title": "Diva Depressão", "url": "https://pt.wikipedia.org/wiki/Diva_Depressão", "location": "São Caetano do Sul, São Paulo, Região Sudeste, Brasil" }, "geometry": { "type": "Point", "coordinates": [ -46.5688323, -23.6195923 ] } },
{ "type": "Feature", "properties": { "title": "Camila Coelho", "url": "https://pt.wikipedia.org/wiki/Camila_Coelho", "location": "Virginópolis, Minas Gerais, Região Sudeste, 39730-000, Brasil" }, "geometry": { "type": "Point", "coordinates": [ -42.7051796, -18.8225259 ] } },
{ "type": "Feature", "properties": { "title": "Xuxa", "url": "https://pt.wikipedia.org/wiki/Xuxa", "location": "Santa Rosa, Rio Grande do Sul, Região Sul, Brasil" }, "geometry": { "type": "Point", "coordinates": [ -54.4779287, -27.8643546 ] } },
{ "type": "Feature", "properties": { "title": "Nizo Neto", "url": "https://pt.wikipedia.org/wiki/Nizo_Neto", "location": "Rio de Janeiro, Região Sudeste, Brasil" }, "geometry": { "type": "Point", "coordinates": [ -43.2093727, -22.9110137 ] } },
{ "type": "Feature", "properties": { "title": "Lorena Queiroz", "url": "https://pt.wikipedia.org/wiki/Lorena_Queiroz", "location": "Pedreira, São Paulo, Região Sudeste, Brasil" }, "geometry": { "type": "Point", "coordinates": [ -46.894846, -22.741347 ] } },
{ "type": "Feature", "properties": { "title": "Felipe Moura Brasil", "url": "https://pt.wikipedia.org/wiki/Felipe_Moura_Brasil", "location": "Rio de Janeiro, Região Sudeste, Brasil" }, "geometry": { "type": "Point", "coordinates": [ -43.2093727, -22.9110137 ] } },
{ "type": "Feature", "properties": { "title": "Catia Fonseca", "url": "https://pt.wikipedia.org/wiki/Catia_Fonseca", "location": "São Paulo, Região Sudeste, Brasil" }, "geometry": { "type": "Point", "coordinates": [ -46.6333824, -23.5506507 ] } },
{ "type": "Feature", "properties": { "title": "Gustavo Machado (ator)", "url": "https://pt.wikipedia.org/wiki/Gustavo_Machado_(ator)", "location": "Rio de Janeiro, Região Sudeste, Brasil" }, "geometry": { "type": "Point", "coordinates": [ -43.2093727, -22.9110137 ] } },
{ "type": "Feature", "properties": { "title": "Enzo Rabelo", "url": "https://pt.wikipedia.org/wiki/Enzo_Rabelo", "location": "São Paulo, Região Sudeste, Brasil" }, "geometry": { "type": "Point", "coordinates": [ -46.6333824, -23.5506507 ] } },
{ "type": "Feature", "properties": { "title": "Gabriel Guimarães (matemático)", "url": "https://pt.wikipedia.org/wiki/Gabriel_Guimarães_(matemático)", "location": "Braga, Portugal" }, "geometry": { "type": "Point", "coordinates": [ -8.4280045, 41.5510583 ] } },
{ "type": "Feature", "properties": { "title": "Lucas Almeida (dublador)", "url": "https://pt.wikipedia.org/wiki/Lucas_Almeida_(dublador)", "location": "Itu, São Paulo, Região Sudeste, Brasil" }, "geometry": { "type": "Point", "coordinates": [ -47.2998462, -23.2637798 ] } },
{ "type": "Feature", "properties": { "title": "Zé Trovão", "url": "https://pt.wikipedia.org/wiki/Zé_Trovão", "location": "São Paulo, Região Sudeste, Brasil" }, "geometry": { "type": "Point", "coordinates": [ -46.6333824, -23.5506507 ] } },
{ "type": "Feature", "properties": { "title": "Vitor DiCastro", "url": "https://pt.wikipedia.org/wiki/Vitor_DiCastro", "location": "Catanduva, São Paulo, Região Sudeste, Brasil" }, "geometry": { "type": "Point", "coordinates": [ -48.9712817, -21.1331035 ] } },
{ "type": "Feature", "properties": { "title": "Maurício Cid", "url": "https://pt.wikipedia.org/wiki/Maurício_Cid", "location": "Santos, São Paulo, Região Sudeste, Brasil" }, "geometry": { "type": "Point", "coordinates": [ -46.3166316, -23.9609448 ] } },
{ "type": "Feature", "properties": { "title": "Nego Di", "url": "https://pt.wikipedia.org/wiki/Nego_Di", "location": "Porto Alegre, Rio Grande do Sul, Região Sul, Brasil" }, "geometry": { "type": "Point", "coordinates": [ -51.2303767, -30.0324999 ] } },
{ "type": "Feature", "properties": { "title": "Moacyr Franco", "url": "https://pt.wikipedia.org/wiki/Moacyr_Franco", "location": "Ituiutaba, Minas Gerais, Região Sudeste, Brasil" }, "geometry": { "type": "Point", "coordinates": [ -49.4639335, -18.9691887 ] } },
{ "type": "Feature", "properties": { "title": "Patricya Travassos", "url": "https://pt.wikipedia.org/wiki/Patricya_Travassos", "location": "Quadra DF, Vilage do Sol, Visconde de Itaboraí, Itaboraí, Rio de Janeiro, Região Sudeste, Brasil" }, "geometry": { "type": "Point", "coordinates": [ -42.9209784, -22.7131238 ] } },
{ "type": "Feature", "properties": { "title": "Rafael Portugal", "url": "https://pt.wikipedia.org/wiki/Rafael_Portugal", "location": "Rio de Janeiro, Região Sudeste, Brasil" }, "geometry": { "type": "Point", "coordinates": [ -43.2093727, -22.9110137 ] } },
{ "type": "Feature", "properties": { "title": "Borges (rapper)", "url": "https://pt.wikipedia.org/wiki/Borges_(rapper)", "location": "Rio de Janeiro, Região Sudeste, Brasil" }, "geometry": { "type": "Point", "coordinates": [ -43.2093727, -22.9110137 ] } },
{ "type": "Feature", "properties": { "title": "Rodrigo Fernandes", "url": "https://pt.wikipedia.org/wiki/Rodrigo_Fernandes", "location": "Cuiabá, Mato Grosso, Região Centro-Oeste, Brasil, Região Geográfica Intermediária de Cuiabá" }, "geometry": { "type": "Point", "coordinates": [ -56.0991301, -15.5986686 ] } },
{ "type": "Feature", "properties": { "title": "Emílio Surita", "url": "https://pt.wikipedia.org/wiki/Emílio_Surita", "location": "São Manuel, Região Geográfica Intermediária de Bauru, São Paulo, Região Sudeste, 18650-000, Brasil" }, "geometry": { "type": "Point", "coordinates": [ -48.572316, -22.732081 ] } },
{ "type": "Feature", "properties": { "title": "Dante Olivier", "url": "https://pt.wikipedia.org/wiki/Dante_Olivier", "location": "Recife, Pernambuco, Região Nordeste, Brasil" }, "geometry": { "type": "Point", "coordinates": [ -34.8848193, -8.0584933 ] } },
{ "type": "Feature", "properties": { "title": "Oliver Bearman", "url": "https://pt.wikipedia.org/wiki/Oliver_Bearman", "location": "London Borough of Havering, Greater London, England, United Kingdom" }, "geometry": { "type": "Point", "coordinates": [ 0.2498128, 51.5579262 ] } },
{ "type": "Feature", "properties": { "title": "Carmelo Neto", "url": "https://pt.wikipedia.org/wiki/Carmelo_Neto", "location": "Fortaleza, Ceará, Região Nordeste, Brasil" }, "geometry": { "type": "Point", "coordinates": [ -38.5217989, -3.7304512 ] } },
{ "type": "Feature", "properties": { "title": "Imaginago", "url": "https://pt.wikipedia.org/wiki/Imaginago", "location": "Queimados, Rio de Janeiro, Região Sudeste, Brasil" }, "geometry": { "type": "Point", "coordinates": [ -43.5913151, -22.7313419 ] } },
{ "type": "Feature", "properties": { "title": "Maju", "url": "https://pt.wikipedia.org/wiki/Maju", "location": "Curitiba, Paraná, Região Sul, Brasil" }, "geometry": { "type": "Point", "coordinates": [ -49.2712724, -25.4295963 ] } },
{ "type": "Feature", "properties": { "title": "Sarah Oliveira", "url": "https://pt.wikipedia.org/wiki/Sarah_Oliveira", "location": "São Paulo, Região Sudeste, Brasil" }, "geometry": { "type": "Point", "coordinates": [ -46.6333824, -23.5506507 ] } },
{ "type": "Feature", "properties": { "title": "Nelson Machado", "url": "https://pt.wikipedia.org/wiki/Nelson_Machado", "location": "São Paulo, Região Sudeste, Brasil" }, "geometry": { "type": "Point", "coordinates": [ -46.6333824, -23.5506507 ] } },
{ "type": "Feature", "properties": { "title": "Giovanna Tonello", "url": "https://pt.wikipedia.org/wiki/Giovanna_Tonello", "location": "Porto Alegre, Rio Grande do Sul, Região Sul, Brasil" }, "geometry": { "type": "Point", "coordinates": [ -51.2303767, -30.0324999 ] } },
{ "type": "Feature", "properties": { "title": "Gabriela Prioli", "url": "https://pt.wikipedia.org/wiki/Gabriela_Prioli", "location": "São Paulo, Região Sudeste, Brasil" }, "geometry": { "type": "Point", "coordinates": [ -46.6333824, -23.5506507 ] } },
{ "type": "Feature", "properties": { "title": "Vittor Fernando", "url": "https://pt.wikipedia.org/wiki/Vittor_Fernando", "location": "São Paulo, Região Sudeste, Brasil" }, "geometry": { "type": "Point", "coordinates": [ -46.6333824, -23.5506507 ] } },
{ "type": "Feature", "properties": { "title": "Narjara Turetta", "url": "https://pt.wikipedia.org/wiki/Narjara_Turetta", "location": "São Paulo, Região Sudeste, Brasil" }, "geometry": { "type": "Point", "coordinates": [ -46.6333824, -23.5506507 ] } },
{ "type": "Feature", "properties": { "title": "Henrique Fogaça", "url": "https://pt.wikipedia.org/wiki/Henrique_Fogaça", "location": "Piracicaba, São Paulo, Região Sudeste, Brasil" }, "geometry": { "type": "Point", "coordinates": [ -47.6493269, -22.725165 ] } },
{ "type": "Feature", "properties": { "title": "Vitaly Zdorovetskiy", "url": "https://pt.wikipedia.org/wiki/Vitaly_Zdorovetskiy", "location": "Мурманск, городской округ Мурманск, Мурманская область, Северо-Западный федеральный округ, Россия" }, "geometry": { "type": "Point", "coordinates": [ 33.07497, 68.970665 ] } },
{ "type": "Feature", "properties": { "title": "Fernando Mendonça", "url": "https://pt.wikipedia.org/wiki/Fernando_Mendonça", "location": "Areia Branca, Rio Grande do Norte, Região Nordeste, Brasil" }, "geometry": { "type": "Point", "coordinates": [ -37.1263312, -4.9506652 ] } },
{ "type": "Feature", "properties": { "title": "Mirella", "url": "https://pt.wikipedia.org/wiki/Mirella", "location": "São Caetano do Sul, São Paulo, Região Sudeste, Brasil" }, "geometry": { "type": "Point", "coordinates": [ -46.5688323, -23.6195923 ] } },
{ "type": "Feature", "properties": { "title": "Fernando Caruso", "url": "https://pt.wikipedia.org/wiki/Fernando_Caruso", "location": "Rio de Janeiro, Região Sudeste, Brasil" }, "geometry": { "type": "Point", "coordinates": [ -43.2093727, -22.9110137 ] } },
{ "type": "Feature", "properties": { "title": "Lair Ribeiro", "url": "https://pt.wikipedia.org/wiki/Lair_Ribeiro", "location": "Juiz de Fora, Minas Gerais, Região Sudeste, Brasil" }, "geometry": { "type": "Point", "coordinates": [ -43.3501129, -21.7609533 ] } },
{ "type": "Feature", "properties": { "title": "Erick Dias", "url": "https://pt.wikipedia.org/wiki/Erick_Dias", "location": "Campina Grande, Paraíba, Região Nordeste, Brasil" }, "geometry": { "type": "Point", "coordinates": [ -35.8771292, -7.2246743 ] } },
{ "type": "Feature", "properties": { "title": "Mharessa", "url": "https://pt.wikipedia.org/wiki/Mharessa", "location": "Itabirinha, Minas Gerais, Região Sudeste, 35280-000, Brasil" }, "geometry": { "type": "Point", "coordinates": [ -41.2339862, -18.5711894 ] } },
{ "type": "Feature", "properties": { "title": "Carol Crespo", "url": "https://pt.wikipedia.org/wiki/Carol_Crespo", "location": "Rio de Janeiro, Região Sudeste, Brasil" }, "geometry": { "type": "Point", "coordinates": [ -43.2093727, -22.9110137 ] } },
{ "type": "Feature", "properties": { "title": "Thaís Fersoza", "url": "https://pt.wikipedia.org/wiki/Thaís_Fersoza", "location": "Rio de Janeiro, Região Sudeste, Brasil" }, "geometry": { "type": "Point", "coordinates": [ -43.2093727, -22.9110137 ] } },
{ "type": "Feature", "properties": { "title": "Gordox", "url": "https://pt.wikipedia.org/wiki/Gordox", "location": "Osasco, São Paulo, Região Sudeste, Brasil" }, "geometry": { "type": "Point", "coordinates": [ -46.7916801, -23.5324859 ] } },
{ "type": "Feature", "properties": { "title": "Lilia Schwarcz", "url": "https://pt.wikipedia.org/wiki/Lilia_Schwarcz", "location": "São Paulo, Região Sudeste, Brasil" }, "geometry": { "type": "Point", "coordinates": [ -46.6333824, -23.5506507 ] } },
{ "type": "Feature", "properties": { "title": "Jack Black", "url": "https://pt.wikipedia.org/wiki/Jack_Black", "location": "Santa Monica, Los Angeles County, California, United States" }, "geometry": { "type": "Point", "coordinates": [ -118.491227, 34.0194704 ] } },
{ "type": "Feature", "properties": { "title": "Fábio Rabin", "url": "https://pt.wikipedia.org/wiki/Fábio_Rabin", "location": "São Paulo, Região Sudeste, Brasil" }, "geometry": { "type": "Point", "coordinates": [ -46.6333824, -23.5506507 ] } },
{ "type": "Feature", "properties": { "title": "Mariana Torquato", "url": "https://pt.wikipedia.org/wiki/Mariana_Torquato", "location": "Florianópolis, Santa Catarina, Região Sul, Brasil" }, "geometry": { "type": "Point", "coordinates": [ -48.5496098, -27.5973002 ] } },
{ "type": "Feature", "properties": { "title": "Cherrygumms", "url": "https://pt.wikipedia.org/wiki/Cherrygumms", "location": "Rio de Janeiro, Região Sudeste, Brasil" }, "geometry": { "type": "Point", "coordinates": [ -43.2093727, -22.9110137 ] } },
{ "type": "Feature", "properties": { "title": "João Gordo", "url": "https://pt.wikipedia.org/wiki/João_Gordo", "location": "São Paulo, Região Sudeste, Brasil" }, "geometry": { "type": "Point", "coordinates": [ -46.6333824, -23.5506507 ] } },
{ "type": "Feature", "properties": { "title": "Manolo Rey", "url": "https://pt.wikipedia.org/wiki/Manolo_Rey", "location": "Rio de Janeiro, Região Sudeste, Brasil" }, "geometry": { "type": "Point", "coordinates": [ -43.2093727, -22.9110137 ] } },
{ "type": "Feature", "properties": { "title": "Naomi Seibt", "url": "https://pt.wikipedia.org/wiki/Naomi_Seibt", "location": "Münster, Nordrhein-Westfalen, Deutschland" }, "geometry": { "type": "Point", "coordinates": [ 7.6251879, 51.9625101 ] } },
{ "type": "Feature", "properties": { "title": "Cabelo Gamer", "url": "https://pt.wikipedia.org/wiki/Cabelo_Gamer", "location": "São Paulo, Região Sudeste, Brasil" }, "geometry": { "type": "Point", "coordinates": [ -46.6333824, -23.5506507 ] } },
{ "type": "Feature", "properties": { "title": "Monique Evans", "url": "https://pt.wikipedia.org/wiki/Monique_Evans", "location": "Rio de Janeiro, Região Sudeste, Brasil" }, "geometry": { "type": "Point", "coordinates": [ -43.2093727, -22.9110137 ] } },
{ "type": "Feature", "properties": { "title": "Mariana Lessa", "url": "https://pt.wikipedia.org/wiki/Mariana_Lessa", "location": "São Paulo, Região Sudeste, Brasil" }, "geometry": { "type": "Point", "coordinates": [ -46.6333824, -23.5506507 ] } },
{ "type": "Feature", "properties": { "title": "Alice Baltezam", "url": "https://pt.wikipedia.org/wiki/Alice_Baltezam", "location": "Porto Alegre, Rio Grande do Sul, Região Sul, Brasil" }, "geometry": { "type": "Point", "coordinates": [ -51.2303767, -30.0324999 ] } },
{ "type": "Feature", "properties": { "title": "YoDa", "url": "https://pt.wikipedia.org/wiki/YoDa", "location": "Herculândia, Região Imediata de Tupã, Região Geográfica Intermediária de Marília, São Paulo, Brasil" }, "geometry": { "type": "Point", "coordinates": [ -50.3862746, -22.004508 ] } },
{ "type": "Feature", "properties": { "title": "GGeasy", "url": "https://pt.wikipedia.org/wiki/GGeasy", "location": "João Pessoa, Paraíba, Região Nordeste, Brasil" }, "geometry": { "type": "Point", "coordinates": [ -34.882028, -7.1215981 ] } },
{ "type": "Feature", "properties": { "title": "Cazé Peçanha", "url": "https://pt.wikipedia.org/wiki/Cazé_Peçanha", "location": "Rio de Janeiro, Região Sudeste, Brasil" }, "geometry": { "type": "Point", "coordinates": [ -43.2093727, -22.9110137 ] } },
{ "type": "Feature", "properties": { "title": "Samira Close", "url": "https://pt.wikipedia.org/wiki/Samira_Close", "location": "Fortaleza, Ceará, Região Nordeste, Brasil" }, "geometry": { "type": "Point", "coordinates": [ -38.5217989, -3.7304512 ] } },
{ "type": "Feature", "properties": { "title": "Waltyerryz", "url": "https://pt.wikipedia.org/wiki/Waltyerryz", "location": "Mossoró, Rio Grande do Norte, Região Nordeste, Brasil" }, "geometry": { "type": "Point", "coordinates": [ -37.3443872, -5.1904332 ] } },
{ "type": "Feature", "properties": { "title": "Felipe Dylon", "url": "https://pt.wikipedia.org/wiki/Felipe_Dylon", "location": "Rio de Janeiro, Região Sudeste, Brasil" }, "geometry": { "type": "Point", "coordinates": [ -43.2093727, -22.9110137 ] } },
{ "type": "Feature", "properties": { "title": "Lando Norris", "url": "https://pt.wikipedia.org/wiki/Lando_Norris", "location": "We The Curious, Anchor Road, Canon's Marsh, City Centre, Bristol, City of Bristol, West of England, England, BS1 5DB, United Kingdom" }, "geometry": { "type": "Point", "coordinates": [ -2.600511, 51.4503631 ] } },
{ "type": "Feature", "properties": { "title": "Luísa Horta", "url": "https://pt.wikipedia.org/wiki/Luísa_Horta", "location": "Santa Cruz do Sul, Rio Grande do Sul, Região Sul, Brasil" }, "geometry": { "type": "Point", "coordinates": [ -52.4285807, -29.714209 ] } },
{ "type": "Feature", "properties": { "title": "Pietro Fittipaldi", "url": "https://pt.wikipedia.org/wiki/Pietro_Fittipaldi", "location": "Miami, Miami-Dade County, Florida, United States" }, "geometry": { "type": "Point", "coordinates": [ -80.1935973, 25.7741566 ] } },
{ "type": "Feature", "properties": { "title": "Olga Rodrigues", "url": "https://pt.wikipedia.org/wiki/Olga_Rodrigues", "location": "São Paulo, Região Sudeste, Brasil" }, "geometry": { "type": "Point", "coordinates": [ -46.6333824, -23.5506507 ] } },
{ "type": "Feature", "properties": { "title": "Enzo Fittipaldi", "url": "https://pt.wikipedia.org/wiki/Enzo_Fittipaldi", "location": "Miami, Miami-Dade County, Florida, United States" }, "geometry": { "type": "Point", "coordinates": [ -80.1935973, 25.7741566 ] } },
{ "type": "Feature", "properties": { "title": "Dan Ticktum", "url": "https://pt.wikipedia.org/wiki/Dan_Ticktum", "location": "Greater London, England, United Kingdom" }, "geometry": { "type": "Point", "coordinates": [ -0.1277653, 51.5074456 ] } },
{ "type": "Feature", "properties": { "title": "Ruyter", "url": "https://pt.wikipedia.org/wiki/Ruyter", "location": "Duque de Caxias, Rio de Janeiro, Região Sudeste, Brasil" }, "geometry": { "type": "Point", "coordinates": [ -43.3021266, -22.6429163 ] } },
{ "type": "Feature", "properties": { "title": "Kleber Bambam", "url": "https://pt.wikipedia.org/wiki/Kleber_Bambam", "location": "Campinas, São Paulo, Região Sudeste, Brasil" }, "geometry": { "type": "Point", "coordinates": [ -47.059564, -22.9056391 ] } },
{ "type": "Feature", "properties": { "title": "Buzeira", "url": "https://pt.wikipedia.org/wiki/Buzeira", "location": "São Paulo, Região Sudeste, Brasil" }, "geometry": { "type": "Point", "coordinates": [ -46.6333824, -23.5506507 ] } },
{ "type": "Feature", "properties": { "title": "Mari Gonzalez", "url": "https://pt.wikipedia.org/wiki/Mari_Gonzalez", "location": "Salvador, Bahia, Região Nordeste, Brasil" }, "geometry": { "type": "Point", "coordinates": [ -38.4812772, -12.9822499 ] } },
{ "type": "Feature", "properties": { "title": "André Luiz Frambach", "url": "https://pt.wikipedia.org/wiki/André_Luiz_Frambach", "location": "Niterói, Rio de Janeiro, Região Sudeste, Brasil" }, "geometry": { "type": "Point", "coordinates": [ -43.1147, -22.8884 ] } },
{ "type": "Feature", "properties": { "title": "Gil do Vigor", "url": "https://pt.wikipedia.org/wiki/Gil_do_Vigor", "location": "Jaboatão dos Guararapes, Pernambuco, Região Nordeste, Brasil" }, "geometry": { "type": "Point", "coordinates": [ -34.9468716, -8.1752476 ] } },
{ "type": "Feature", "properties": { "title": "Deolane Bezerra", "url": "https://pt.wikipedia.org/wiki/Deolane_Bezerra", "location": "Vitória de Santo Antão, Pernambuco, Região Nordeste, Brasil" }, "geometry": { "type": "Point", "coordinates": [ -35.2944858, -8.1209019 ] } },
{ "type": "Feature", "properties": { "title": "MC Poze do Rodo", "url": "https://pt.wikipedia.org/wiki/MC_Poze_do_Rodo", "location": "Rio de Janeiro, Região Sudeste, Brasil" }, "geometry": { "type": "Point", "coordinates": [ -43.2093727, -22.9110137 ] } },
{ "type": "Feature", "properties": { "title": "Antônio Luiz Cagnin", "url": "https://pt.wikipedia.org/wiki/Antônio_Luiz_Cagnin", "location": "Araras, São Paulo, Região Sudeste, Brasil" }, "geometry": { "type": "Point", "coordinates": [ -47.3838766, -22.3569192 ] } },
{ "type": "Feature", "properties": { "title": "Diego Martins", "url": "https://pt.wikipedia.org/wiki/Diego_Martins", "location": "Campinas, São Paulo, Região Sudeste, Brasil" }, "geometry": { "type": "Point", "coordinates": [ -47.059564, -22.9056391 ] } },
{ "type": "Feature", "properties": { "title": "José Eduardo (padre)", "url": "https://pt.wikipedia.org/wiki/José_Eduardo_(padre)", "location": "Piracicaba, São Paulo, Região Sudeste, Brasil" }, "geometry": { "type": "Point", "coordinates": [ -47.6493269, -22.725165 ] } },
{ "type": "Feature", "properties": { "title": "Key Alves", "url": "https://pt.wikipedia.org/wiki/Key_Alves", "location": "Bauru, São Paulo, Região Sudeste, Brasil" }, "geometry": { "type": "Point", "coordinates": [ -49.0689778, -22.3173803 ] } },
{ "type": "Feature", "properties": { "title": "Anderson Neiff", "url": "https://pt.wikipedia.org/wiki/Anderson_Neiff", "location": "Recife, Pernambuco, Região Nordeste, Brasil" }, "geometry": { "type": "Point", "coordinates": [ -34.8848193, -8.0584933 ] } },
{ "type": "Feature", "properties": { "title": "Tathi Piancastelli", "url": "https://pt.wikipedia.org/wiki/Tathi_Piancastelli", "location": "São Paulo, Região Sudeste, Brasil" }, "geometry": { "type": "Point", "coordinates": [ -46.6333824, -23.5506507 ] } },
{ "type": "Feature", "properties": { "title": "Reginaldo Manzotti", "url": "https://pt.wikipedia.org/wiki/Reginaldo_Manzotti", "location": "Paraíso do Norte, Paraná, Região Sul, Brasil" }, "geometry": { "type": "Point", "coordinates": [ -52.6024125, -23.2841185 ] } },
{ "type": "Feature", "properties": { "title": "Mel Maia", "url": "https://pt.wikipedia.org/wiki/Mel_Maia", "location": "Rio de Janeiro, Região Sudeste, Brasil" }, "geometry": { "type": "Point", "coordinates": [ -43.2093727, -22.9110137 ] } },
{ "type": "Feature", "properties": { "title": "Sol Vega", "url": "https://pt.wikipedia.org/wiki/Sol_Vega", "location": "São Paulo, Região Sudeste, Brasil" }, "geometry": { "type": "Point", "coordinates": [ -46.6333824, -23.5506507 ] } },
{ "type": "Feature", "properties": { "title": "Mariana Ximenes", "url": "https://pt.wikipedia.org/wiki/Mariana_Ximenes", "location": "São Paulo, Região Sudeste, Brasil" }, "geometry": { "type": "Point", "coordinates": [ -46.6333824, -23.5506507 ] } },
{ "type": "Feature", "properties": { "title": "Dira Paes", "url": "https://pt.wikipedia.org/wiki/Dira_Paes", "location": "Abaetetuba, Região Geográfica Imediata de Abaetetuba, Região Geográfica Intermediária de Belém, Pará, Região Norte, 68440-000, Brasil" }, "geometry": { "type": "Point", "coordinates": [ -48.8788106, -1.7217787 ] } },
{ "type": "Feature", "properties": { "title": "Jojo Todynho", "url": "https://pt.wikipedia.org/wiki/Jojo_Todynho", "location": "Rio de Janeiro, Região Sudeste, Brasil" }, "geometry": { "type": "Point", "coordinates": [ -43.2093727, -22.9110137 ] } },
{ "type": "Feature", "properties": { "title": "Domitila Barros", "url": "https://pt.wikipedia.org/wiki/Domitila_Barros", "location": "Recife, Pernambuco, Região Nordeste, Brasil" }, "geometry": { "type": "Point", "coordinates": [ -34.8848193, -8.0584933 ] } },
{ "type": "Feature", "properties": { "title": "Belle Belinha", "url": "https://pt.wikipedia.org/wiki/Belle_Belinha", "location": "Formiga, Minas Gerais, Região Sudeste, Brasil" }, "geometry": { "type": "Point", "coordinates": [ -45.4266753, -20.4648425 ] } },
{ "type": "Feature", "properties": { "title": "Paulo Gustavo", "url": "https://pt.wikipedia.org/wiki/Paulo_Gustavo", "location": "Niterói, Rio de Janeiro, Região Sudeste, Brasil" }, "geometry": { "type": "Point", "coordinates": [ -43.1147, -22.8884 ] } },
{ "type": "Feature", "properties": { "title": "Manu Gavassi", "url": "https://pt.wikipedia.org/wiki/Manu_Gavassi", "location": "São Paulo, Região Sudeste, Brasil" }, "geometry": { "type": "Point", "coordinates": [ -46.6333824, -23.5506507 ] } },
{ "type": "Feature", "properties": { "title": "Ary Fontoura", "url": "https://pt.wikipedia.org/wiki/Ary_Fontoura", "location": "Curitiba, Paraná, Região Sul, Brasil" }, "geometry": { "type": "Point", "coordinates": [ -49.2712724, -25.4295963 ] } },
{ "type": "Feature", "properties": { "title": "Bruna Tavares", "url": "https://pt.wikipedia.org/wiki/Bruna_Tavares", "location": "Campinas, São Paulo, Região Sudeste, Brasil" }, "geometry": { "type": "Point", "coordinates": [ -47.059564, -22.9056391 ] } },
{ "type": "Feature", "properties": { "title": "Gracyanne Barbosa", "url": "https://pt.wikipedia.org/wiki/Gracyanne_Barbosa", "location": "Campo Grande, Mato Grosso do Sul, Região Centro-Oeste, Brasil" }, "geometry": { "type": "Point", "coordinates": [ -54.6162947, -20.4640173 ] } },
{ "type": "Feature", "properties": { "title": "Isaac Amendoim", "url": "https://pt.wikipedia.org/wiki/Isaac_Amendoim", "location": "Cana Verde, Minas Gerais, Região Sudeste, 37267-000, Brasil" }, "geometry": { "type": "Point", "coordinates": [ -45.1817881, -21.021308 ] } },
{ "type": "Feature", "properties": { "title": "Lewis Hamilton", "url": "https://pt.wikipedia.org/wiki/Lewis_Hamilton", "location": "Stevenage, Hertfordshire, England, United Kingdom" }, "geometry": { "type": "Point", "coordinates": [ -0.2027155, 51.9016663 ] } },
{ "type": "Feature", "properties": { "title": "Nizan Guanaes", "url": "https://pt.wikipedia.org/wiki/Nizan_Guanaes", "location": "Salvador, Bahia, Região Nordeste, Brasil" }, "geometry": { "type": "Point", "coordinates": [ -38.4812772, -12.9822499 ] } },
{ "type": "Feature", "properties": { "title": "Claudia Campolina", "url": "https://pt.wikipedia.org/wiki/Claudia_Campolina", "location": "Belo Horizonte, Minas Gerais, Região Sudeste, Brasil" }, "geometry": { "type": "Point", "coordinates": [ -43.9450948, -19.9227318 ] } },
{ "type": "Feature", "properties": { "title": "Evelyn Castro", "url": "https://pt.wikipedia.org/wiki/Evelyn_Castro", "location": "Rio de Janeiro, Região Sudeste, Brasil" }, "geometry": { "type": "Point", "coordinates": [ -43.2093727, -22.9110137 ] } },
{ "type": "Feature", "properties": { "title": "Rafaell Milas", "url": "https://pt.wikipedia.org/wiki/Rafaell_Milas", "location": "Umuarama, Paraná, Região Sul, Brasil" }, "geometry": { "type": "Point", "coordinates": [ -53.3116192, -23.7621152 ] } },
{ "type": "Feature", "properties": { "title": "Lucas Veloso", "url": "https://pt.wikipedia.org/wiki/Lucas_Veloso", "location": "Campina Grande, Paraíba, Região Nordeste, Brasil" }, "geometry": { "type": "Point", "coordinates": [ -35.8771292, -7.2246743 ] } },
{ "type": "Feature", "properties": { "title": "Eduardo Lima", "url": "https://pt.wikipedia.org/wiki/Eduardo_Lima", "location": "Capim Grosso, Bahia, Região Nordeste, 44695-000, Brasil" }, "geometry": { "type": "Point", "coordinates": [ -40.0115228, -11.379428 ] } },
{ "type": "Feature", "properties": { "title": "Samanta Alves", "url": "https://pt.wikipedia.org/wiki/Samanta_Alves", "location": "Rio de Janeiro, Região Sudeste, Brasil" }, "geometry": { "type": "Point", "coordinates": [ -43.2093727, -22.9110137 ] } },
{ "type": "Feature", "properties": { "title": "Any Gabrielly", "url": "https://pt.wikipedia.org/wiki/Any_Gabrielly", "location": "Guarulhos, São Paulo, Região Sudeste, Brasil" }, "geometry": { "type": "Point", "coordinates": [ -46.5277704, -23.4675941 ] } },
{ "type": "Feature", "properties": { "title": "Monique Alfradique", "url": "https://pt.wikipedia.org/wiki/Monique_Alfradique", "location": "Niterói, Rio de Janeiro, Região Sudeste, Brasil" }, "geometry": { "type": "Point", "coordinates": [ -43.1147, -22.8884 ] } },
{ "type": "Feature", "properties": { "title": "Drico Alves", "url": "https://pt.wikipedia.org/wiki/Drico_Alves", "location": "Rio de Janeiro, Região Sudeste, Brasil" }, "geometry": { "type": "Point", "coordinates": [ -43.2093727, -22.9110137 ] } },
{ "type": "Feature", "properties": { "title": "Tini", "url": "https://pt.wikipedia.org/wiki/Tini", "location": "Buenos Aires, Comuna 1, Ciudad Autónoma de Buenos Aires, Argentina" }, "geometry": { "type": "Point", "coordinates": [ -58.3887904, -34.6095579 ] } },
{ "type": "Feature", "properties": { "title": "Alexia Brito", "url": "https://pt.wikipedia.org/wiki/Alexia_Brito", "location": "Bacabal, Maranhão, Região Nordeste, 65700-000, Brasil" }, "geometry": { "type": "Point", "coordinates": [ -44.781167, -4.2318132 ] } },
{ "type": "Feature", "properties": { "title": "Felipe Roque", "url": "https://pt.wikipedia.org/wiki/Felipe_Roque", "location": "Rio de Janeiro, Região Sudeste, Brasil" }, "geometry": { "type": "Point", "coordinates": [ -43.2093727, -22.9110137 ] } },
{ "type": "Feature", "properties": { "title": "Cláudio Duarte (pastor)", "url": "https://pt.wikipedia.org/wiki/Cláudio_Duarte_(pastor)", "location": "Duque de Caxias, Rio de Janeiro, Região Sudeste, Brasil" }, "geometry": { "type": "Point", "coordinates": [ -43.3021266, -22.6429163 ] } },
{ "type": "Feature", "properties": { "title": "Giovanna Grigio", "url": "https://pt.wikipedia.org/wiki/Giovanna_Grigio", "location": "Mauá, São Paulo, Região Sudeste, Brasil" }, "geometry": { "type": "Point", "coordinates": [ -46.4616922, -23.6669527 ] } },
{ "type": "Feature", "properties": { "title": "José Victor Pires", "url": "https://pt.wikipedia.org/wiki/José_Victor_Pires", "location": "São João de Meriti, Rio de Janeiro, Região Sudeste, Brasil" }, "geometry": { "type": "Point", "coordinates": [ -43.366715, -22.7853575 ] } },
{ "type": "Feature", "properties": { "title": "José Castelo Branco", "url": "https://pt.wikipedia.org/wiki/José_Castelo_Branco", "location": "Tete, Zona Centro, Moçambique" }, "geometry": { "type": "Point", "coordinates": [ 32.7682742, -15.5205193 ] } },
{ "type": "Feature", "properties": { "title": "Gustavo Santos", "url": "https://pt.wikipedia.org/wiki/Gustavo_Santos", "location": "Lisboa, Portugal" }, "geometry": { "type": "Point", "coordinates": [ -9.1365919, 38.7077507 ] } },
{ "type": "Feature", "properties": { "title": "Bolinha (diretor)", "url": "https://pt.wikipedia.org/wiki/Bolinha_(diretor)", "location": "São Paulo, Região Sudeste, Brasil" }, "geometry": { "type": "Point", "coordinates": [ -46.6333824, -23.5506507 ] } },
{ "type": "Feature", "properties": { "title": "Priscila Buiar", "url": "https://pt.wikipedia.org/wiki/Priscila_Buiar", "location": "Maringá, Paraná, Região Sul, Brasil" }, "geometry": { "type": "Point", "coordinates": [ -51.9382078, -23.425269 ] } },
{ "type": "Feature", "properties": { "title": "Gabriela Mag", "url": "https://pt.wikipedia.org/wiki/Gabriela_Mag", "location": "Itaúna, Minas Gerais, Região Sudeste, Brasil" }, "geometry": { "type": "Point", "coordinates": [ -44.576389, -20.075556 ] } },
{ "type": "Feature", "properties": { "title": "Gianne Albertoni", "url": "https://pt.wikipedia.org/wiki/Gianne_Albertoni", "location": "São Paulo, Região Sudeste, Brasil" }, "geometry": { "type": "Point", "coordinates": [ -46.6333824, -23.5506507 ] } },
{ "type": "Feature", "properties": { "title": "Tatsu Carvalho", "url": "https://pt.wikipedia.org/wiki/Tatsu_Carvalho", "location": "Rio de Janeiro, Região Sudeste, Brasil" }, "geometry": { "type": "Point", "coordinates": [ -43.2093727, -22.9110137 ] } },
{ "type": "Feature", "properties": { "title": "Paloma Bernardi", "url": "https://pt.wikipedia.org/wiki/Paloma_Bernardi", "location": "São Paulo, Região Sudeste, Brasil" }, "geometry": { "type": "Point", "coordinates": [ -46.6333824, -23.5506507 ] } },
{ "type": "Feature", "properties": { "title": "Fernanda Concon", "url": "https://pt.wikipedia.org/wiki/Fernanda_Concon", "location": "São Paulo, Região Sudeste, Brasil" }, "geometry": { "type": "Point", "coordinates": [ -46.6333824, -23.5506507 ] } },
{ "type": "Feature", "properties": { "title": "Caio Manhente", "url": "https://pt.wikipedia.org/wiki/Caio_Manhente", "location": "Rio de Janeiro, Região Sudeste, Brasil" }, "geometry": { "type": "Point", "coordinates": [ -43.2093727, -22.9110137 ] } },
{ "type": "Feature", "properties": { "title": "Vivian Amorim", "url": "https://pt.wikipedia.org/wiki/Vivian_Amorim", "location": "Amazon, Careiro da Várzea, Região Geográfica Imediata de Manaus, Região Geográfica Intermediária de Manaus, Amazonas, Região Norte, Brasil" }, "geometry": { "type": "Point", "coordinates": [ -59.4989288, -3.2001766 ] } },
{ "type": "Feature", "properties": { "title": "Sargento Gonçalves", "url": "https://pt.wikipedia.org/wiki/Sargento_Gonçalves", "location": "Campina Grande, Paraíba, Região Nordeste, Brasil" }, "geometry": { "type": "Point", "coordinates": [ -35.8771292, -7.2246743 ] } },
{ "type": "Feature", "properties": { "title": "MC Loma", "url": "https://pt.wikipedia.org/wiki/MC_Loma", "location": "Jaboatão dos Guararapes, Pernambuco, Região Nordeste, Brasil" }, "geometry": { "type": "Point", "coordinates": [ -34.9468716, -8.1752476 ] } },
{ "type": "Feature", "properties": { "title": "Malfeitona", "url": "https://pt.wikipedia.org/wiki/Malfeitona", "location": "Salvador, Bahia, Região Nordeste, Brasil" }, "geometry": { "type": "Point", "coordinates": [ -38.4812772, -12.9822499 ] } },
{ "type": "Feature", "properties": { "title": "Giovanna Lancellotti", "url": "https://pt.wikipedia.org/wiki/Giovanna_Lancellotti", "location": "Ribeirão Preto, São Paulo, Região Sudeste, Brasil" }, "geometry": { "type": "Point", "coordinates": [ -47.8100983, -21.1776315 ] } },
{ "type": "Feature", "properties": { "title": "Fernanda Honorato", "url": "https://pt.wikipedia.org/wiki/Fernanda_Honorato", "location": "Rio de Janeiro, Região Sudeste, Brasil" }, "geometry": { "type": "Point", "coordinates": [ -43.2093727, -22.9110137 ] } },
{ "type": "Feature", "properties": { "title": "Francisco Garcia (jornalista)", "url": "https://pt.wikipedia.org/wiki/Francisco_Garcia_(jornalista)", "location": "Patos, Paraíba, Região Nordeste, Brasil" }, "geometry": { "type": "Point", "coordinates": [ -37.2766817, -7.0258285 ] } },
{ "type": "Feature", "properties": { "title": "Pequena Lo", "url": "https://pt.wikipedia.org/wiki/Pequena_Lo", "location": "Araxá, Minas Gerais, Região Sudeste, Brasil" }, "geometry": { "type": "Point", "coordinates": [ -46.940923, -19.6009149 ] } },
{ "type": "Feature", "properties": { "title": "Jos Verstappen", "url": "https://pt.wikipedia.org/wiki/Jos_Verstappen", "location": "Montfort, Roerdalen, Limburg, Nederland" }, "geometry": { "type": "Point", "coordinates": [ 5.94533, 51.1294393 ] } },
{ "type": "Feature", "properties": { "title": "Luis Lobianco", "url": "https://pt.wikipedia.org/wiki/Luis_Lobianco", "location": "Rio de Janeiro, Região Sudeste, Brasil" }, "geometry": { "type": "Point", "coordinates": [ -43.2093727, -22.9110137 ] } },
{ "type": "Feature", "properties": { "title": "Hugo Rodrigues", "url": "https://pt.wikipedia.org/wiki/Hugo_Rodrigues", "location": "Santos, São Paulo, Região Sudeste, Brasil" }, "geometry": { "type": "Point", "coordinates": [ -46.3166316, -23.9609448 ] } },
{ "type": "Feature", "properties": { "title": "Will Barcellos", "url": "https://pt.wikipedia.org/wiki/Will_Barcellos", "location": "Rio de Janeiro, Região Sudeste, Brasil" }, "geometry": { "type": "Point", "coordinates": [ -43.2093727, -22.9110137 ] } },
{ "type": "Feature", "properties": { "title": "Giovanni Begossi", "url": "https://pt.wikipedia.org/wiki/Giovanni_Begossi", "location": "Campinas, São Paulo, Região Sudeste, Brasil" }, "geometry": { "type": "Point", "coordinates": [ -47.059564, -22.9056391 ] } },
{ "type": "Feature", "properties": { "title": "Jade Thirlwall", "url": "https://pt.wikipedia.org/wiki/Jade_Thirlwall", "location": "South Shields, South Tyneside, Tyne and Wear, North East, England, NE33 1NF, United Kingdom" }, "geometry": { "type": "Point", "coordinates": [ -1.4321848, 54.9987414 ] } },
{ "type": "Feature", "properties": { "title": "Augusto Ichisato", "url": "https://pt.wikipedia.org/wiki/Augusto_Ichisato", "location": "Passo Fundo, Rio Grande do Sul, Região Sul, Brasil" }, "geometry": { "type": "Point", "coordinates": [ -52.3966606, -28.2550598 ] } },
{ "type": "Feature", "properties": { "title": "Antônio Pizzonia", "url": "https://pt.wikipedia.org/wiki/Antônio_Pizzonia", "location": "Manaus, Amazonas, Região Norte, 69000-000, Brasil" }, "geometry": { "type": "Point", "coordinates": [ -59.9825041, -3.1316333 ] } },
{ "type": "Feature", "properties": { "title": "Babi Xavier", "url": "https://pt.wikipedia.org/wiki/Babi_Xavier", "location": "Niterói, Rio de Janeiro, Região Sudeste, Brasil" }, "geometry": { "type": "Point", "coordinates": [ -43.1147, -22.8884 ] } },
{ "type": "Feature", "properties": { "title": "Luana Génot", "url": "https://pt.wikipedia.org/wiki/Luana_Génot", "location": "Rio de Janeiro, Região Sudeste, Brasil" }, "geometry": { "type": "Point", "coordinates": [ -43.2093727, -22.9110137 ] } },
{ "type": "Feature", "properties": { "title": "Leigh-Anne Pinnock", "url": "https://pt.wikipedia.org/wiki/Leigh-Anne_Pinnock", "location": "High Wycombe, Buckinghamshire, England, United Kingdom" }, "geometry": { "type": "Point", "coordinates": [ -0.75596, 51.6317449 ] } },
{ "type": "Feature", "properties": { "title": "Zaac", "url": "https://pt.wikipedia.org/wiki/Zaac", "location": "Diadema, São Paulo, Região Sudeste, Brasil" }, "geometry": { "type": "Point", "coordinates": [ -46.6246935, -23.6866428 ] } },
{ "type": "Feature", "properties": { "title": "André Forastieri", "url": "https://pt.wikipedia.org/wiki/André_Forastieri", "location": "Piracicaba, São Paulo, Região Sudeste, Brasil" }, "geometry": { "type": "Point", "coordinates": [ -47.6493269, -22.725165 ] } },
{ "type": "Feature", "properties": { "title": "Carlos Sainz Jr.", "url": "https://pt.wikipedia.org/wiki/Carlos_Sainz_Jr.", "location": "Madrid, Comunidad de Madrid, España" }, "geometry": { "type": "Point", "coordinates": [ -3.703507, 40.416782 ] } },
{ "type": "Feature", "properties": { "title": "Jesy Nelson", "url": "https://pt.wikipedia.org/wiki/Jesy_Nelson", "location": "Essex Road, Collier Row, London Borough of Havering, Greater London, England, RM7 8AW, United Kingdom" }, "geometry": { "type": "Point", "coordinates": [ 0.1597006, 51.5842589 ] } },
{ "type": "Feature", "properties": { "title": "Isis Valverde", "url": "https://pt.wikipedia.org/wiki/Isis_Valverde", "location": "Aiuruoca, Minas Gerais, Região Sudeste, 37450-000, Brasil" }, "geometry": { "type": "Point", "coordinates": [ -44.6036637, -21.9759554 ] } },
{ "type": "Feature", "properties": { "title": "Marianna Alexandre", "url": "https://pt.wikipedia.org/wiki/Marianna_Alexandre", "location": "Rio de Janeiro, Região Sudeste, Brasil" }, "geometry": { "type": "Point", "coordinates": [ -43.2093727, -22.9110137 ] } },
{ "type": "Feature", "properties": { "title": "Tirullipa", "url": "https://pt.wikipedia.org/wiki/Tirullipa", "location": "Fortaleza, Ceará, Região Nordeste, Brasil" }, "geometry": { "type": "Point", "coordinates": [ -38.5217989, -3.7304512 ] } },
{ "type": "Feature", "properties": { "title": "Tiago Leifert", "url": "https://pt.wikipedia.org/wiki/Tiago_Leifert", "location": "São Paulo, Região Sudeste, Brasil" }, "geometry": { "type": "Point", "coordinates": [ -46.6333824, -23.5506507 ] } },
{ "type": "Feature", "properties": { "title": "Lázaro Ramos", "url": "https://pt.wikipedia.org/wiki/Lázaro_Ramos", "location": "Salvador, Bahia, Região Nordeste, Brasil" }, "geometry": { "type": "Point", "coordinates": [ -38.4812772, -12.9822499 ] } },
{ "type": "Feature", "properties": { "title": "Raissa Chaddad", "url": "https://pt.wikipedia.org/wiki/Raissa_Chaddad", "location": "Guarujá, São Paulo, Região Sudeste, Brasil" }, "geometry": { "type": "Point", "coordinates": [ -46.2558332, -23.9927768 ] } },
{ "type": "Feature", "properties": { "title": "Priscilla Reis", "url": "https://pt.wikipedia.org/wiki/Priscilla_Reis", "location": "Lapa, Rio de Janeiro, Região Sudeste, Brasil" }, "geometry": { "type": "Point", "coordinates": [ -43.1822358, -22.9130257 ] } },
{ "type": "Feature", "properties": { "title": "Doutor Fran", "url": "https://pt.wikipedia.org/wiki/Doutor_Fran", "location": "São Bernardo do Campo, São Paulo, Região Sudeste, Brasil" }, "geometry": { "type": "Point", "coordinates": [ -46.5506747, -23.7080345 ] } },
{ "type": "Feature", "properties": { "title": "Roberth Resende", "url": "https://pt.wikipedia.org/wiki/Roberth_Resende", "location": "Ipatinga, Minas Gerais, Região Sudeste, Brasil" }, "geometry": { "type": "Point", "coordinates": [ -42.5270802, -19.4777807 ] } },
{ "type": "Feature", "properties": { "title": "Khaby Lame", "url": "https://pt.wikipedia.org/wiki/Khaby_Lame", "location": "Dakar, Région de Dakar, Sénégal" }, "geometry": { "type": "Point", "coordinates": [ -17.447938, 14.693425 ] } },
{ "type": "Feature", "properties": { "title": "Sérgio Mallandro", "url": "https://pt.wikipedia.org/wiki/Sérgio_Mallandro", "location": "Rua Distrito Federal, Campos Elíseos, Campos Elyseos, Duque de Caxias, Rio de Janeiro, Região Sudeste, 25220-720, Brasil" }, "geometry": { "type": "Point", "coordinates": [ -43.2656502, -22.6962567 ] } },
{ "type": "Feature", "properties": { "title": "Michel Alcoforado", "url": "https://pt.wikipedia.org/wiki/Michel_Alcoforado", "location": "Rio de Janeiro, Região Sudeste, Brasil" }, "geometry": { "type": "Point", "coordinates": [ -43.2093727, -22.9110137 ] } },
{ "type": "Feature", "properties": { "title": "Déia Freitas", "url": "https://pt.wikipedia.org/wiki/Déia_Freitas", "location": "Santo André, São Paulo, Região Sudeste, Brasil" }, "geometry": { "type": "Point", "coordinates": [ -46.5279039, -23.6533509 ] } },
{ "type": "Feature", "properties": { "title": "Ivan Moré", "url": "https://pt.wikipedia.org/wiki/Ivan_Moré", "location": "Presidente Venceslau, Região Imediata de Presidente Epitácio-Presidente Venceslau, Região Geográfica Intermediária de Presidente Prudente, São Paulo, Brasil" }, "geometry": { "type": "Point", "coordinates": [ -51.8451047, -21.877116 ] } },
{ "type": "Feature", "properties": { "title": "Felipe Solari", "url": "https://pt.wikipedia.org/wiki/Felipe_Solari", "location": "São Paulo, Região Sudeste, Brasil" }, "geometry": { "type": "Point", "coordinates": [ -46.6333824, -23.5506507 ] } },
{ "type": "Feature", "properties": { "title": "Marina Santa Helena", "url": "https://pt.wikipedia.org/wiki/Marina_Santa_Helena", "location": "Belém, Pará, Região Norte, Brasil" }, "geometry": { "type": "Point", "coordinates": [ -48.4682453, -1.45056 ] } },
{ "type": "Feature", "properties": { "title": "Renan Martins Frade", "url": "https://pt.wikipedia.org/wiki/Renan_Martins_Frade", "location": "Santos, São Paulo, Região Sudeste, Brasil" }, "geometry": { "type": "Point", "coordinates": [ -46.3166316, -23.9609448 ] } },
{ "type": "Feature", "properties": { "title": "Ivan Mizanzuk", "url": "https://pt.wikipedia.org/wiki/Ivan_Mizanzuk", "location": "Recife, Pernambuco, Região Nordeste, Brasil" }, "geometry": { "type": "Point", "coordinates": [ -34.8848193, -8.0584933 ] } },
{ "type": "Feature", "properties": { "title": "Malu Gaspar", "url": "https://pt.wikipedia.org/wiki/Malu_Gaspar", "location": "São Paulo, Região Sudeste, Brasil" }, "geometry": { "type": "Point", "coordinates": [ -46.6333824, -23.5506507 ] } },
{ "type": "Feature", "properties": { "title": "Joe Rogan", "url": "https://pt.wikipedia.org/wiki/Joe_Rogan", "location": "Newark, Essex County, New Jersey, United States" }, "geometry": { "type": "Point", "coordinates": [ -74.1723667, 40.735657 ] } },
{ "type": "Feature", "properties": { "title": "Carioca (humorista)", "url": "https://pt.wikipedia.org/wiki/Carioca_(humorista)", "location": "Niterói, Rio de Janeiro, Região Sudeste, Brasil" }, "geometry": { "type": "Point", "coordinates": [ -43.1147, -22.8884 ] } },
{ "type": "Feature", "properties": { "title": "Amanda Ramalho", "url": "https://pt.wikipedia.org/wiki/Amanda_Ramalho", "location": "São Paulo, Região Sudeste, Brasil" }, "geometry": { "type": "Point", "coordinates": [ -46.6333824, -23.5506507 ] } },
{ "type": "Feature", "properties": { "title": "Ale Santos", "url": "https://pt.wikipedia.org/wiki/Ale_Santos", "location": "Cruzeiro, São Paulo, Região Sudeste, Brasil" }, "geometry": { "type": "Point", "coordinates": [ -44.9642044, -22.5783685 ] } },
{ "type": "Feature", "properties": { "title": "Chico Felitti", "url": "https://pt.wikipedia.org/wiki/Chico_Felitti", "location": "Jundiaí, São Paulo, Região Sudeste, Brasil" }, "geometry": { "type": "Point", "coordinates": [ -46.884506, -23.1887668 ] } },
{ "type": "Feature", "properties": { "title": "Eddie Bravo", "url": "https://pt.wikipedia.org/wiki/Eddie_Bravo", "location": "Santa Ana, Orange County, California, United States" }, "geometry": { "type": "Point", "coordinates": [ -117.873221, 33.7494951 ] } },
{ "type": "Feature", "properties": { "title": "Getúlio Abelha", "url": "https://pt.wikipedia.org/wiki/Getúlio_Abelha", "location": "Teresina, Piauí, Região Nordeste, Brasil" }, "geometry": { "type": "Point", "coordinates": [ -42.8049571, -5.0874608 ] } },
{ "type": "Feature", "properties": { "title": "Fabíola Cidral", "url": "https://pt.wikipedia.org/wiki/Fabíola_Cidral", "location": "Santos, São Paulo, Região Sudeste, Brasil" }, "geometry": { "type": "Point", "coordinates": [ -46.3166316, -23.9609448 ] } },
{ "type": "Feature", "properties": { "title": "Pedro Duarte (jornalista)", "url": "https://pt.wikipedia.org/wiki/Pedro_Duarte_(jornalista)", "location": "Salvador, Bahia, Região Nordeste, Brasil" }, "geometry": { "type": "Point", "coordinates": [ -38.4812772, -12.9822499 ] } },
{ "type": "Feature", "properties": { "title": "Letícia Renna", "url": "https://pt.wikipedia.org/wiki/Letícia_Renna", "location": "Belo Horizonte, Minas Gerais, Região Sudeste, Brasil" }, "geometry": { "type": "Point", "coordinates": [ -43.9450948, -19.9227318 ] } },
{ "type": "Feature", "properties": { "title": "Jean Jacques Machado", "url": "https://pt.wikipedia.org/wiki/Jean_Jacques_Machado", "location": "Rio de Janeiro, Região Sudeste, Brasil" }, "geometry": { "type": "Point", "coordinates": [ -43.2093727, -22.9110137 ] } },
{ "type": "Feature", "properties": { "title": "Geovanna Tominaga", "url": "https://pt.wikipedia.org/wiki/Geovanna_Tominaga", "location": "São José dos Campos, São Paulo, Região Sudeste, Brasil" }, "geometry": { "type": "Point", "coordinates": [ -45.8854538, -23.1867782 ] } },
{ "type": "Feature", "properties": { "title": "Rodrigo Hoffmann", "url": "https://pt.wikipedia.org/wiki/Rodrigo_Hoffmann", "location": "Porto Alegre, Rio Grande do Sul, Região Sul, Brasil" }, "geometry": { "type": "Point", "coordinates": [ -51.2303767, -30.0324999 ] } },
{ "type": "Feature", "properties": { "title": "Ana Clara Costa", "url": "https://pt.wikipedia.org/wiki/Ana_Clara_Costa", "location": "Praça Redescobrindo O Interior, Vila Giglio, Jardim do Lago, Atibaia, São Paulo, Região Sudeste, 12942-190, Brasil" }, "geometry": { "type": "Point", "coordinates": [ -46.5529219, -23.1378596 ] } },
{ "type": "Feature", "properties": { "title": "Ricardo Laganaro", "url": "https://pt.wikipedia.org/wiki/Ricardo_Laganaro", "location": "São Paulo, Região Sudeste, Brasil" }, "geometry": { "type": "Point", "coordinates": [ -46.6333824, -23.5506507 ] } },
{ "type": "Feature", "properties": { "title": "Giovanna Cariry", "url": "https://pt.wikipedia.org/wiki/Giovanna_Cariry", "location": "Betim, Minas Gerais, Região Sudeste, Brasil" }, "geometry": { "type": "Point", "coordinates": [ -44.206495, -19.9703184 ] } },
{ "type": "Feature", "properties": { "title": "Ricardo Alexandre", "url": "https://pt.wikipedia.org/wiki/Ricardo_Alexandre", "location": "Jundiaí, São Paulo, Região Sudeste, Brasil" }, "geometry": { "type": "Point", "coordinates": [ -46.884506, -23.1887668 ] } },
{ "type": "Feature", "properties": { "title": "Giovanna Romaro", "url": "https://pt.wikipedia.org/wiki/Giovanna_Romaro", "location": "Atibaia, São Paulo, Região Sudeste, Brasil" }, "geometry": { "type": "Point", "coordinates": [ -46.5547861, -23.1177393 ] } },
{ "type": "Feature", "properties": { "title": "Kallyna Sabino", "url": "https://pt.wikipedia.org/wiki/Kallyna_Sabino", "location": "Penápolis, Região Imediata de Birigui-Penápolis, Região Geográfica Intermediária de Araçatuba, São Paulo, Brasil" }, "geometry": { "type": "Point", "coordinates": [ -50.0765588, -21.4192406 ] } },
{ "type": "Feature", "properties": { "title": "Stefan Molyneux", "url": "https://pt.wikipedia.org/wiki/Stefan_Molyneux", "location": "Athlone, County Westmeath, Leinster, Éire / Ireland" }, "geometry": { "type": "Point", "coordinates": [ -7.9425897, 53.4228434 ] } },
{ "type": "Feature", "properties": { "title": "Tom Moore (militar)", "url": "https://pt.wikipedia.org/wiki/Tom_Moore_(militar)", "location": "Keighley, Long Lee, Bradford, West Yorkshire, England, United Kingdom" }, "geometry": { "type": "Point", "coordinates": [ -1.9020456, 53.8684021 ] } }
]
}
